signal,dur,thr,fa_per_h,hit_rate,median_lead
reactive,0,0.02,60.254808893330015,1.0,-5.0
reactive,0,0.030051546391752577,60.254808893330015,1.0,-5.0
reactive,0,0.040103092783505156,60.254808893330015,1.0,-5.0
reactive,0,0.050154639175257726,60.254808893330015,1.0,-5.0
reactive,0,0.06020618556701031,60.254808893330015,1.0,-5.0
reactive,0,0.07025773195876288,60.254808893330015,1.0,-5.0
reactive,0,0.08030927835051546,60.0749437921559,1.0,-5.0
reactive,0,0.09036082474226804,59.89507869098178,1.0,-5.0
reactive,0,0.10041237113402061,59.71521358980766,1.0,-5.0
reactive,0,0.11046391752577318,59.53534848863354,1.0,-5.0
reactive,0,0.12051546391752577,58.81588808393706,1.0,-5.0
reactive,0,0.13056701030927834,58.2762927804147,1.0,-5.0
reactive,0,0.1406185567010309,57.55683237571822,1.0,-5.0
reactive,0,0.15067010309278348,56.47764176867351,1.0,-5.0
reactive,0,0.16072164948453607,55.578316262802915,0.9943502824858758,-5.0
reactive,0,0.17077319587628864,54.678990756932315,0.9943502824858758,-5.0
reactive,0,0.1808247422680412,52.700474644017,0.9943502824858758,-5.0
reactive,0,0.19087628865979378,51.44141893579816,0.9943502824858758,-5.0
reactive,0,0.20092783505154635,49.64276792405697,0.9943502824858758,-5.0
reactive,0,0.21097938144329895,47.66425181114165,0.9943502824858758,-5.0
reactive,0,0.22103092783505152,45.86560079940046,0.9943502824858758,-10.0
reactive,0,0.23108247422680409,43.887084686485146,0.9943502824858758,-10.0
reactive,0,0.24113402061855668,42.26829877591807,0.9943502824858758,-10.0
reactive,0,0.25118556701030925,40.649512865351,0.9943502824858758,-10.0
reactive,0,0.26123711340206185,38.8508618536098,0.9943502824858758,-10.0
reactive,0,0.27128865979381445,36.69248063952037,0.9887005649717514,-10.0
reactive,0,0.281340206185567,35.253559830127415,0.9887005649717514,-10.0
reactive,0,0.2913917525773196,33.63477391956034,0.9887005649717514,-10.0
reactive,0,0.3014432989690722,33.2750437172121,0.9830508474576272,-15.0
reactive,0,0.3114948453608247,31.296527604296784,0.9774011299435028,-10.0
reactive,0,0.3215463917525773,30.397202098426188,0.9774011299435028,-15.0
reactive,0,0.33159793814432986,29.85760679490383,0.9774011299435028,-15.0
reactive,0,0.34164948453608246,29.31801149138147,0.9774011299435028,-15.0
reactive,0,0.35170103092783506,27.879090681988515,0.9774011299435028,-15.0
reactive,0,0.3617525773195876,26.62003497376968,0.9774011299435028,-15.0
reactive,0,0.3718041237113402,25.9005745690732,0.9774011299435028,-15.0
reactive,0,0.38185567010309274,24.641518860854365,0.96045197740113,-15.0
reactive,0,0.39190721649484533,24.281788658506127,0.9491525423728814,-15.0
reactive,0,0.40195876288659793,23.74219335498377,0.9491525423728814,-15.0
reactive,0,0.4120103092783505,21.943542343242573,0.943502824858757,-15.0
reactive,0,0.42206185567010307,21.583812140894334,0.9322033898305084,-15.0
reactive,0,0.43211340206185567,20.864351736197857,0.9265536723163842,-15.0
reactive,0,0.4421649484536082,20.3247564326755,0.9209039548022598,-15.0
reactive,0,0.4522164948453608,19.24556582563078,0.9152542372881356,-15.0
reactive,0,0.4622680412371134,18.526105420934304,0.9096045197740112,-15.0
reactive,0,0.47231958762886594,17.446914813889588,0.8983050847457628,-20.0
reactive,0,0.48237113402061854,16.54758930801899,0.8983050847457628,-20.0
reactive,0,0.4924226804123711,16.00799400449663,0.8813559322033898,-20.0
reactive,0,0.5024742268041237,15.648263802148392,0.8700564971751412,-20.0
reactive,0,0.5125257731958762,14.569073195103675,0.864406779661017,-20.0
reactive,0,0.5225773195876289,14.209342992755436,0.864406779661017,-20.0
reactive,0,0.5326288659793814,14.029477891581317,0.864406779661017,-20.0
reactive,0,0.542680412371134,13.31001748688484,0.8531073446327684,-20.0
reactive,0,0.5527319587628866,12.9502872845366,0.847457627118644,-20.0
reactive,0,0.5627835051546392,12.230826879840123,0.8418079096045198,-20.0
reactive,0,0.5728350515463917,11.871096677491884,0.8418079096045198,-20.0
reactive,0,0.5828865979381443,10.971771171621286,0.8418079096045198,-20.0
reactive,0,0.5929381443298969,10.971771171621286,0.8418079096045198,-20.0
reactive,0,0.6029896907216494,10.971771171621286,0.8361581920903954,-22.5
reactive,0,0.613041237113402,10.612040969273048,0.8248587570621468,-22.5
reactive,0,0.6230927835051546,10.25231076692481,0.8192090395480226,-25.0
reactive,0,0.6331443298969072,9.89258056457657,0.8135593220338984,-25.0
reactive,0,0.6431958762886597,9.89258056457657,0.8135593220338984,-25.0
reactive,0,0.6532474226804124,9.89258056457657,0.8135593220338984,-25.0
reactive,0,0.6632989690721649,9.53285036222833,0.8135593220338984,-25.0
reactive,0,0.6733505154639174,9.173120159880092,0.8022598870056498,-25.0
reactive,0,0.6834020618556701,8.633524856357734,0.7966101694915254,-25.0
reactive,0,0.6934536082474226,8.633524856357734,0.7909604519774012,-25.0
reactive,0,0.7035051546391752,7.914064451661256,0.7796610169491526,-25.0
reactive,0,0.7135567010309278,7.7341993504871365,0.7796610169491526,-25.0
reactive,0,0.7236082474226804,7.7341993504871365,0.7796610169491526,-25.0
reactive,0,0.7336597938144329,7.374469148138898,0.7796610169491526,-25.0
reactive,0,0.7437113402061855,7.014738945790659,0.768361581920904,-25.0
reactive,0,0.7537628865979381,6.65500874344242,0.7627118644067796,-25.0
reactive,0,0.7638144329896907,6.4751436422683,0.7570621468926554,-25.0
reactive,0,0.7738659793814432,6.4751436422683,0.7570621468926554,-25.0
reactive,0,0.7839175257731958,6.295278541094181,0.7570621468926554,-27.5
reactive,0,0.7939690721649484,6.295278541094181,0.751412429378531,-30.0
reactive,0,0.8040206185567009,6.295278541094181,0.7401129943502824,-30.0
reactive,0,0.8140721649484536,6.1154134399200615,0.7401129943502824,-30.0
reactive,0,0.8241237113402061,6.1154134399200615,0.7344632768361582,-30.0
reactive,0,0.8341752577319587,6.1154134399200615,0.7288135593220338,-30.0
reactive,0,0.8442268041237113,5.935548338745942,0.7231638418079096,-30.0
reactive,0,0.8542783505154639,5.755683237571822,0.7062146892655368,-30.0
reactive,0,0.8643298969072164,5.395953035223584,0.6892655367231638,-30.0
reactive,0,0.874381443298969,5.216087934049464,0.6779661016949152,-30.0
reactive,0,0.8844329896907216,4.676492630527106,0.6497175141242938,-35.0
reactive,0,0.8944845360824741,4.136897327004747,0.6214689265536724,-35.0
reactive,0,0.9045360824742268,3.597302023482389,0.5988700564971752,-35.0
reactive,0,0.9145876288659793,3.0577067199600307,0.576271186440678,-35.0
reactive,0,0.9246391752577319,2.877841618785911,0.5480225988700564,-35.0
reactive,0,0.9346907216494844,2.5181114164376726,0.5084745762711864,-37.5
reactive,0,0.9447422680412371,2.1583812140894336,0.4745762711864407,-37.5
reactive,0,0.9547938144329896,1.618785910567075,0.4180790960451977,-40.0
reactive,0,0.9648453608247421,1.0791906070447168,0.3728813559322034,-45.0
reactive,0,0.9748969072164948,0.7194604046964778,0.2768361581920904,-50.0
reactive,0,0.9849484536082473,0.7194604046964778,0.12429378531073447,-45.0
reactive,0,0.995,0.3597302023482389,0.05649717514124294,-52.5
reactive,120,0.02,60.254808893330015,1.0,55.0
reactive,120,0.030051546391752577,60.254808893330015,1.0,55.0
reactive,120,0.040103092783505156,60.254808893330015,1.0,55.0
reactive,120,0.050154639175257726,60.254808893330015,1.0,55.0
reactive,120,0.06020618556701031,60.254808893330015,1.0,55.0
reactive,120,0.07025773195876288,60.254808893330015,1.0,55.0
reactive,120,0.08030927835051546,60.0749437921559,1.0,55.0
reactive,120,0.09036082474226804,59.89507869098178,1.0,55.0
reactive,120,0.10041237113402061,59.71521358980766,1.0,55.0
reactive,120,0.11046391752577318,59.53534848863354,1.0,55.0
reactive,120,0.12051546391752577,58.81588808393706,1.0,55.0
reactive,120,0.13056701030927834,58.2762927804147,1.0,55.0
reactive,120,0.1406185567010309,57.55683237571822,1.0,55.0
reactive,120,0.15067010309278348,56.47764176867351,1.0,55.0
reactive,120,0.16072164948453607,55.578316262802915,1.0,55.0
reactive,120,0.17077319587628864,54.678990756932315,1.0,55.0
reactive,120,0.1808247422680412,52.700474644017,1.0,55.0
reactive,120,0.19087628865979378,51.44141893579816,1.0,55.0
reactive,120,0.20092783505154635,49.64276792405697,1.0,55.0
reactive,120,0.21097938144329895,47.66425181114165,1.0,50.0
reactive,120,0.22103092783505152,45.86560079940046,1.0,45.0
reactive,120,0.23108247422680409,43.887084686485146,1.0,45.0
reactive,120,0.24113402061855668,42.26829877591807,1.0,35.0
reactive,120,0.25118556701030925,40.649512865351,1.0,35.0
reactive,120,0.26123711340206185,38.8508618536098,1.0,30.0
reactive,120,0.27128865979381445,36.69248063952037,1.0,30.0
reactive,120,0.281340206185567,35.253559830127415,0.9943502824858758,30.0
reactive,120,0.2913917525773196,33.63477391956034,0.9943502824858758,25.0
reactive,120,0.3014432989690722,33.2750437172121,0.9887005649717514,20.0
reactive,120,0.3114948453608247,31.296527604296784,0.9887005649717514,17.5
reactive,120,0.3215463917525773,30.397202098426188,0.9830508474576272,15.0
reactive,120,0.33159793814432986,29.85760679490383,0.980225988700565,15.0
reactive,120,0.34164948453608246,29.31801149138147,0.980225988700565,10.0
reactive,120,0.35170103092783506,27.879090681988515,0.9745762711864406,10.0
reactive,120,0.3617525773195876,26.62003497376968,0.9745762711864406,10.0
reactive,120,0.3718041237113402,25.9005745690732,0.9745762711864406,5.0
reactive,120,0.38185567010309274,24.641518860854365,0.9717514124293786,5.0
reactive,120,0.39190721649484533,24.281788658506127,0.9689265536723164,0.0
reactive,120,0.40195876288659793,23.74219335498377,0.963276836158192,0.0
reactive,120,0.4120103092783505,21.943542343242573,0.9576271186440678,0.0
reactive,120,0.42206185567010307,21.583812140894334,0.9491525423728814,0.0
reactive,120,0.43211340206185567,20.864351736197857,0.9463276836158192,0.0
reactive,120,0.4421649484536082,20.3247564326755,0.943502824858757,0.0
reactive,120,0.4522164948453608,19.24556582563078,0.9378531073446328,-5.0
reactive,120,0.4622680412371134,18.526105420934304,0.9322033898305084,-5.0
reactive,120,0.47231958762886594,17.446914813889588,0.9209039548022598,-5.0
reactive,120,0.48237113402061854,16.54758930801899,0.9152542372881356,-10.0
reactive,120,0.4924226804123711,16.00799400449663,0.9096045197740112,-10.0
reactive,120,0.5024742268041237,15.648263802148392,0.903954802259887,-10.0
reactive,120,0.5125257731958762,14.569073195103675,0.903954802259887,-10.0
reactive,120,0.5225773195876289,14.209342992755436,0.8898305084745762,-10.0
reactive,120,0.5326288659793814,14.029477891581317,0.8898305084745762,-10.0
reactive,120,0.542680412371134,13.31001748688484,0.8870056497175142,-10.0
reactive,120,0.5527319587628866,12.9502872845366,0.884180790960452,-15.0
reactive,120,0.5627835051546392,12.230826879840123,0.8813559322033898,-15.0
reactive,120,0.5728350515463917,11.871096677491884,0.8757062146892656,-15.0
reactive,120,0.5828865979381443,10.971771171621286,0.8700564971751412,-15.0
reactive,120,0.5929381443298969,10.971771171621286,0.8700564971751412,-15.0
reactive,120,0.6029896907216494,10.971771171621286,0.867231638418079,-15.0
reactive,120,0.613041237113402,10.612040969273048,0.864406779661017,-15.0
reactive,120,0.6230927835051546,10.25231076692481,0.8615819209039548,-15.0
reactive,120,0.6331443298969072,9.89258056457657,0.8531073446327684,-15.0
reactive,120,0.6431958762886597,9.89258056457657,0.8502824858757062,-20.0
reactive,120,0.6532474226804124,9.89258056457657,0.847457627118644,-20.0
reactive,120,0.6632989690721649,9.53285036222833,0.8418079096045198,-20.0
reactive,120,0.6733505154639174,9.173120159880092,0.8418079096045198,-20.0
reactive,120,0.6834020618556701,8.633524856357734,0.8389830508474576,-20.0
reactive,120,0.6934536082474226,8.633524856357734,0.8361581920903954,-20.0
reactive,120,0.7035051546391752,7.914064451661256,0.8361581920903954,-20.0
reactive,120,0.7135567010309278,7.7341993504871365,0.8361581920903954,-20.0
reactive,120,0.7236082474226804,7.7341993504871365,0.8333333333333334,-20.0
reactive,120,0.7336597938144329,7.374469148138898,0.827683615819209,-25.0
reactive,120,0.7437113402061855,7.014738945790659,0.827683615819209,-25.0
reactive,120,0.7537628865979381,6.65500874344242,0.8192090395480226,-25.0
reactive,120,0.7638144329896907,6.4751436422683,0.807909604519774,-25.0
reactive,120,0.7738659793814432,6.4751436422683,0.8050847457627118,-25.0
reactive,120,0.7839175257731958,6.295278541094181,0.8022598870056498,-25.0
reactive,120,0.7939690721649484,6.295278541094181,0.7994350282485876,-25.0
reactive,120,0.8040206185567009,6.295278541094181,0.7909604519774012,-30.0
reactive,120,0.8140721649484536,6.1154134399200615,0.7853107344632768,-30.0
reactive,120,0.8241237113402061,6.1154134399200615,0.7796610169491526,-32.5
reactive,120,0.8341752577319587,6.1154134399200615,0.768361581920904,-35.0
reactive,120,0.8442268041237113,5.935548338745942,0.7655367231638418,-35.0
reactive,120,0.8542783505154639,5.755683237571822,0.7627118644067796,-35.0
reactive,120,0.8643298969072164,5.395953035223584,0.748587570621469,-40.0
reactive,120,0.874381443298969,5.216087934049464,0.7429378531073446,-40.0
reactive,120,0.8844329896907216,4.676492630527106,0.7259887005649718,-40.0
reactive,120,0.8944845360824741,4.136897327004747,0.7033898305084746,-40.0
reactive,120,0.9045360824742268,3.597302023482389,0.6694915254237288,-45.0
reactive,120,0.9145876288659793,3.0577067199600307,0.6384180790960452,-45.0
reactive,120,0.9246391752577319,2.877841618785911,0.5988700564971752,-45.0
reactive,120,0.9346907216494844,2.5181114164376726,0.5706214689265536,-45.0
reactive,120,0.9447422680412371,2.1583812140894336,0.4971751412429379,-47.5
reactive,120,0.9547938144329896,1.618785910567075,0.4435028248587571,-50.0
reactive,120,0.9648453608247421,1.0791906070447168,0.4011299435028249,-60.0
reactive,120,0.9748969072164948,0.7194604046964778,0.3192090395480226,-65.0
reactive,120,0.9849484536082473,0.7194604046964778,0.1864406779661017,-70.0
reactive,120,0.995,0.3597302023482389,0.04519774011299435,-65.0
reactive,300,0.02,60.254808893330015,1.0,145.0
reactive,300,0.030051546391752577,60.254808893330015,1.0,145.0
reactive,300,0.040103092783505156,60.254808893330015,1.0,145.0
reactive,300,0.050154639175257726,60.254808893330015,1.0,145.0
reactive,300,0.06020618556701031,60.254808893330015,1.0,145.0
reactive,300,0.07025773195876288,60.254808893330015,1.0,145.0
reactive,300,0.08030927835051546,60.0749437921559,1.0,145.0
reactive,300,0.09036082474226804,59.89507869098178,1.0,145.0
reactive,300,0.10041237113402061,59.71521358980766,1.0,145.0
reactive,300,0.11046391752577318,59.53534848863354,1.0,145.0
reactive,300,0.12051546391752577,58.81588808393706,1.0,145.0
reactive,300,0.13056701030927834,58.2762927804147,1.0,145.0
reactive,300,0.1406185567010309,57.55683237571822,1.0,145.0
reactive,300,0.15067010309278348,56.47764176867351,1.0,145.0
reactive,300,0.16072164948453607,55.578316262802915,1.0,145.0
reactive,300,0.17077319587628864,54.678990756932315,1.0,145.0
reactive,300,0.1808247422680412,52.700474644017,1.0,145.0
reactive,300,0.19087628865979378,51.44141893579816,1.0,145.0
reactive,300,0.20092783505154635,49.64276792405697,1.0,140.0
reactive,300,0.21097938144329895,47.66425181114165,1.0,135.0
reactive,300,0.22103092783505152,45.86560079940046,1.0,130.0
reactive,300,0.23108247422680409,43.887084686485146,1.0,130.0
reactive,300,0.24113402061855668,42.26829877591807,1.0,125.0
reactive,300,0.25118556701030925,40.649512865351,1.0,125.0
reactive,300,0.26123711340206185,38.8508618536098,1.0,115.0
reactive,300,0.27128865979381445,36.69248063952037,1.0,110.0
reactive,300,0.281340206185567,35.253559830127415,0.9915254237288136,110.0
reactive,300,0.2913917525773196,33.63477391956034,0.9915254237288136,110.0
reactive,300,0.3014432989690722,33.2750437172121,0.9915254237288136,105.0
reactive,300,0.3114948453608247,31.296527604296784,0.9915254237288136,100.0
reactive,300,0.3215463917525773,30.397202098426188,0.9915254237288136,100.0
reactive,300,0.33159793814432986,29.85760679490383,0.9887005649717514,95.0
reactive,300,0.34164948453608246,29.31801149138147,0.9858757062146892,95.0
reactive,300,0.35170103092783506,27.879090681988515,0.9858757062146892,90.0
reactive,300,0.3617525773195876,26.62003497376968,0.9830508474576272,87.5
reactive,300,0.3718041237113402,25.9005745690732,0.9830508474576272,85.0
reactive,300,0.38185567010309274,24.641518860854365,0.980225988700565,80.0
reactive,300,0.39190721649484533,24.281788658506127,0.9774011299435028,75.0
reactive,300,0.40195876288659793,23.74219335498377,0.9774011299435028,67.5
reactive,300,0.4120103092783505,21.943542343242573,0.9774011299435028,65.0
reactive,300,0.42206185567010307,21.583812140894334,0.9689265536723164,60.0
reactive,300,0.43211340206185567,20.864351736197857,0.9689265536723164,60.0
reactive,300,0.4421649484536082,20.3247564326755,0.9689265536723164,55.0
reactive,300,0.4522164948453608,19.24556582563078,0.963276836158192,45.0
reactive,300,0.4622680412371134,18.526105420934304,0.9519774011299436,45.0
reactive,300,0.47231958762886594,17.446914813889588,0.940677966101695,45.0
reactive,300,0.48237113402061854,16.54758930801899,0.9378531073446328,45.0
reactive,300,0.4924226804123711,16.00799400449663,0.9350282485875706,40.0
reactive,300,0.5024742268041237,15.648263802148392,0.9209039548022598,40.0
reactive,300,0.5125257731958762,14.569073195103675,0.9209039548022598,40.0
reactive,300,0.5225773195876289,14.209342992755436,0.9152542372881356,40.0
reactive,300,0.5326288659793814,14.029477891581317,0.9152542372881356,40.0
reactive,300,0.542680412371134,13.31001748688484,0.9124293785310734,35.0
reactive,300,0.5527319587628866,12.9502872845366,0.9067796610169492,30.0
reactive,300,0.5627835051546392,12.230826879840123,0.9067796610169492,30.0
reactive,300,0.5728350515463917,11.871096677491884,0.9067796610169492,20.0
reactive,300,0.5828865979381443,10.971771171621286,0.9011299435028248,20.0
reactive,300,0.5929381443298969,10.971771171621286,0.8954802259887006,20.0
reactive,300,0.6029896907216494,10.971771171621286,0.8983050847457628,20.0
reactive,300,0.613041237113402,10.612040969273048,0.8870056497175142,20.0
reactive,300,0.6230927835051546,10.25231076692481,0.8813559322033898,20.0
reactive,300,0.6331443298969072,9.89258056457657,0.8785310734463276,20.0
reactive,300,0.6431958762886597,9.89258056457657,0.8757062146892656,17.5
reactive,300,0.6532474226804124,9.89258056457657,0.8700564971751412,15.0
reactive,300,0.6632989690721649,9.53285036222833,0.8615819209039548,15.0
reactive,300,0.6733505154639174,9.173120159880092,0.8615819209039548,10.0
reactive,300,0.6834020618556701,8.633524856357734,0.8587570621468926,10.0
reactive,300,0.6934536082474226,8.633524856357734,0.8587570621468926,5.0
reactive,300,0.7035051546391752,7.914064451661256,0.8531073446327684,5.0
reactive,300,0.7135567010309278,7.7341993504871365,0.8531073446327684,5.0
reactive,300,0.7236082474226804,7.7341993504871365,0.8531073446327684,5.0
reactive,300,0.7336597938144329,7.374469148138898,0.8502824858757062,0.0
reactive,300,0.7437113402061855,7.014738945790659,0.847457627118644,-2.5
reactive,300,0.7537628865979381,6.65500874344242,0.8389830508474576,-5.0
reactive,300,0.7638144329896907,6.4751436422683,0.8361581920903954,-5.0
reactive,300,0.7738659793814432,6.4751436422683,0.8333333333333334,-10.0
reactive,300,0.7839175257731958,6.295278541094181,0.8248587570621468,-10.0
reactive,300,0.7939690721649484,6.295278541094181,0.8220338983050848,-15.0
reactive,300,0.8040206185567009,6.295278541094181,0.8163841807909604,-15.0
reactive,300,0.8140721649484536,6.1154134399200615,0.8107344632768362,-15.0
reactive,300,0.8241237113402061,6.1154134399200615,0.807909604519774,-15.0
reactive,300,0.8341752577319587,6.1154134399200615,0.8022598870056498,-20.0
reactive,300,0.8442268041237113,5.935548338745942,0.7909604519774012,-20.0
reactive,300,0.8542783505154639,5.755683237571822,0.7853107344632768,-20.0
reactive,300,0.8643298969072164,5.395953035223584,0.768361581920904,-22.5
reactive,300,0.874381443298969,5.216087934049464,0.7570621468926554,-25.0
reactive,300,0.8844329896907216,4.676492630527106,0.7429378531073446,-30.0
reactive,300,0.8944845360824741,4.136897327004747,0.7259887005649718,-35.0
reactive,300,0.9045360824742268,3.597302023482389,0.7062146892655368,-35.0
reactive,300,0.9145876288659793,3.0577067199600307,0.6610169491525424,-40.0
reactive,300,0.9246391752577319,2.877841618785911,0.6045197740112994,-45.0
reactive,300,0.9346907216494844,2.5181114164376726,0.576271186440678,-47.5
reactive,300,0.9447422680412371,2.1583812140894336,0.5508474576271186,-50.0
reactive,300,0.9547938144329896,1.618785910567075,0.5254237288135594,-57.5
reactive,300,0.9648453608247421,1.0791906070447168,0.4774011299435028,-70.0
reactive,300,0.9748969072164948,0.7194604046964778,0.403954802259887,-95.0
reactive,300,0.9849484536082473,0.7194604046964778,0.2344632768361582,-110.0
reactive,300,0.995,0.3597302023482389,0.0423728813559322,-100.0
reactive,600,0.02,60.254808893330015,1.0,295.0
reactive,600,0.030051546391752577,60.254808893330015,1.0,295.0
reactive,600,0.040103092783505156,60.254808893330015,1.0,295.0
reactive,600,0.050154639175257726,60.254808893330015,1.0,295.0
reactive,600,0.06020618556701031,60.254808893330015,1.0,295.0
reactive,600,0.07025773195876288,60.254808893330015,1.0,295.0
reactive,600,0.08030927835051546,60.0749437921559,1.0,295.0
reactive,600,0.09036082474226804,59.89507869098178,1.0,295.0
reactive,600,0.10041237113402061,59.71521358980766,1.0,295.0
reactive,600,0.11046391752577318,59.53534848863354,1.0,295.0
reactive,600,0.12051546391752577,58.81588808393706,1.0,295.0
reactive,600,0.13056701030927834,58.2762927804147,1.0,295.0
reactive,600,0.1406185567010309,57.55683237571822,1.0,295.0
reactive,600,0.15067010309278348,56.47764176867351,1.0,295.0
reactive,600,0.16072164948453607,55.578316262802915,1.0,295.0
reactive,600,0.17077319587628864,54.678990756932315,1.0,295.0
reactive,600,0.1808247422680412,52.700474644017,1.0,295.0
reactive,600,0.19087628865979378,51.44141893579816,1.0,295.0
reactive,600,0.20092783505154635,49.64276792405697,1.0,290.0
reactive,600,0.21097938144329895,47.66425181114165,1.0,285.0
reactive,600,0.22103092783505152,45.86560079940046,1.0,280.0
reactive,600,0.23108247422680409,43.887084686485146,1.0,275.0
reactive,600,0.24113402061855668,42.26829877591807,1.0,272.5
reactive,600,0.25118556701030925,40.649512865351,1.0,270.0
reactive,600,0.26123711340206185,38.8508618536098,1.0,265.0
reactive,600,0.27128865979381445,36.69248063952037,1.0,260.0
reactive,600,0.281340206185567,35.253559830127415,1.0,255.0
reactive,600,0.2913917525773196,33.63477391956034,1.0,250.0
reactive,600,0.3014432989690722,33.2750437172121,0.9971751412429378,245.0
reactive,600,0.3114948453608247,31.296527604296784,0.9971751412429378,240.0
reactive,600,0.3215463917525773,30.397202098426188,0.9971751412429378,230.0
reactive,600,0.33159793814432986,29.85760679490383,0.9943502824858758,225.0
reactive,600,0.34164948453608246,29.31801149138147,0.9943502824858758,215.0
reactive,600,0.35170103092783506,27.879090681988515,0.9915254237288136,205.0
reactive,600,0.3617525773195876,26.62003497376968,0.9887005649717514,205.0
reactive,600,0.3718041237113402,25.9005745690732,0.9887005649717514,200.0
reactive,600,0.38185567010309274,24.641518860854365,0.9887005649717514,197.5
reactive,600,0.39190721649484533,24.281788658506127,0.9858757062146892,195.0
reactive,600,0.40195876288659793,23.74219335498377,0.980225988700565,185.0
reactive,600,0.4120103092783505,21.943542343242573,0.9774011299435028,180.0
reactive,600,0.42206185567010307,21.583812140894334,0.9745762711864406,180.0
reactive,600,0.43211340206185567,20.864351736197857,0.9717514124293786,165.0
reactive,600,0.4421649484536082,20.3247564326755,0.9717514124293786,155.0
reactive,600,0.4522164948453608,19.24556582563078,0.9717514124293786,150.0
reactive,600,0.4622680412371134,18.526105420934304,0.9717514124293786,150.0
reactive,600,0.47231958762886594,17.446914813889588,0.9717514124293786,145.0
reactive,600,0.48237113402061854,16.54758930801899,0.9689265536723164,135.0
reactive,600,0.4924226804123711,16.00799400449663,0.963276836158192,140.0
reactive,600,0.5024742268041237,15.648263802148392,0.96045197740113,135.0
reactive,600,0.5125257731958762,14.569073195103675,0.9576271186440678,135.0
reactive,600,0.5225773195876289,14.209342992755436,0.9519774011299436,130.0
reactive,600,0.5326288659793814,14.029477891581317,0.9519774011299436,120.0
reactive,600,0.542680412371134,13.31001748688484,0.9463276836158192,115.0
reactive,600,0.5527319587628866,12.9502872845366,0.940677966101695,115.0
reactive,600,0.5627835051546392,12.230826879840123,0.9378531073446328,110.0
reactive,600,0.5728350515463917,11.871096677491884,0.9322033898305084,107.5
reactive,600,0.5828865979381443,10.971771171621286,0.9293785310734464,105.0
reactive,600,0.5929381443298969,10.971771171621286,0.9180790960451978,105.0
reactive,600,0.6029896907216494,10.971771171621286,0.9152542372881356,97.5
reactive,600,0.613041237113402,10.612040969273048,0.9096045197740112,92.5
reactive,600,0.6230927835051546,10.25231076692481,0.9096045197740112,90.0
reactive,600,0.6331443298969072,9.89258056457657,0.9011299435028248,85.0
reactive,600,0.6431958762886597,9.89258056457657,0.8954802259887006,80.0
reactive,600,0.6532474226804124,9.89258056457657,0.8870056497175142,80.0
reactive,600,0.6632989690721649,9.53285036222833,0.8870056497175142,72.5
reactive,600,0.6733505154639174,9.173120159880092,0.884180790960452,70.0
reactive,600,0.6834020618556701,8.633524856357734,0.8813559322033898,70.0
reactive,600,0.6934536082474226,8.633524856357734,0.8785310734463276,65.0
reactive,600,0.7035051546391752,7.914064451661256,0.8757062146892656,65.0
reactive,600,0.7135567010309278,7.7341993504871365,0.8757062146892656,60.0
reactive,600,0.7236082474226804,7.7341993504871365,0.8728813559322034,60.0
reactive,600,0.7336597938144329,7.374469148138898,0.8700564971751412,55.0
reactive,600,0.7437113402061855,7.014738945790659,0.8700564971751412,55.0
reactive,600,0.7537628865979381,6.65500874344242,0.867231638418079,50.0
reactive,600,0.7638144329896907,6.4751436422683,0.864406779661017,52.5
reactive,600,0.7738659793814432,6.4751436422683,0.8615819209039548,55.0
reactive,600,0.7839175257731958,6.295278541094181,0.8531073446327684,50.0
reactive,600,0.7939690721649484,6.295278541094181,0.8502824858757062,40.0
reactive,600,0.8040206185567009,6.295278541094181,0.8502824858757062,30.0
reactive,600,0.8140721649484536,6.1154134399200615,0.847457627118644,22.5
reactive,600,0.8241237113402061,6.1154134399200615,0.847457627118644,15.0
reactive,600,0.8341752577319587,6.1154134399200615,0.847457627118644,10.0
reactive,600,0.8442268041237113,5.935548338745942,0.8361581920903954,2.5
reactive,600,0.8542783505154639,5.755683237571822,0.827683615819209,0.0
reactive,600,0.8643298969072164,5.395953035223584,0.8107344632768362,0.0
reactive,600,0.874381443298969,5.216087934049464,0.8050847457627118,-5.0
reactive,600,0.8844329896907216,4.676492630527106,0.7824858757062146,-5.0
reactive,600,0.8944845360824741,4.136897327004747,0.7655367231638418,-5.0
reactive,600,0.9045360824742268,3.597302023482389,0.748587570621469,-15.0
reactive,600,0.9145876288659793,3.0577067199600307,0.7231638418079096,-25.0
reactive,600,0.9246391752577319,2.877841618785911,0.6892655367231638,-30.0
reactive,600,0.9346907216494844,2.5181114164376726,0.6214689265536724,-22.5
reactive,600,0.9447422680412371,2.1583812140894336,0.5875706214689266,-32.5
reactive,600,0.9547938144329896,1.618785910567075,0.5423728813559322,-32.5
reactive,600,0.9648453608247421,1.0791906070447168,0.5028248587570622,-45.0
reactive,600,0.9748969072164948,0.7194604046964778,0.4067796610169492,-70.0
reactive,600,0.9849484536082473,0.7194604046964778,0.2401129943502825,-105.0
reactive,600,0.995,0.3597302023482389,0.059322033898305086,-120.0
trend,0,0.02,60.0749437921559,1.0,-5.0
trend,0,0.030051546391752577,60.0749437921559,1.0,-5.0
trend,0,0.040103092783505156,60.0749437921559,1.0,-5.0
trend,0,0.050154639175257726,59.71521358980766,1.0,-5.0
trend,0,0.06020618556701031,59.71521358980766,1.0,-5.0
trend,0,0.07025773195876288,59.71521358980766,1.0,-5.0
trend,0,0.08030927835051546,59.35548338745942,1.0,-5.0
trend,0,0.09036082474226804,59.1756182862853,1.0,-5.0
trend,0,0.10041237113402061,58.63602298276294,1.0,-5.0
trend,0,0.11046391752577318,58.2762927804147,1.0,-5.0
trend,0,0.12051546391752577,58.096427679240584,1.0,-5.0
trend,0,0.13056701030927834,57.197102173369984,1.0,-5.0
trend,0,0.1406185567010309,56.11791156632527,1.0,-5.0
trend,0,0.15067010309278348,54.85885585810643,1.0,-5.0
trend,0,0.16072164948453607,52.700474644017,1.0,-5.0
trend,0,0.17077319587628864,51.98101423932052,1.0,-5.0
trend,0,0.1808247422680412,51.44141893579816,1.0,-5.0
trend,0,0.19087628865979378,50.00249812640521,1.0,-10.0
trend,0,0.20092783505154635,46.76492630527106,1.0,-10.0
trend,0,0.21097938144329895,45.50587059705222,0.9943502824858758,-15.0
trend,0,0.22103092783505152,43.70721958531103,0.9943502824858758,-15.0
trend,0,0.23108247422680409,42.44816387709219,0.9943502824858758,-15.0
trend,0,0.24113402061855668,41.368973270047476,0.9943502824858758,-15.0
trend,0,0.25118556701030925,39.57032225830628,0.9943502824858758,-15.0
trend,0,0.26123711340206185,37.95153634773921,0.9943502824858758,-15.0
trend,0,0.27128865979381445,36.69248063952037,0.9887005649717514,-15.0
trend,0,0.281340206185567,35.79315513364977,0.9887005649717514,-20.0
trend,0,0.2913917525773196,35.253559830127415,0.9830508474576272,-17.5
trend,0,0.3014432989690722,33.63477391956034,0.9830508474576272,-20.0
trend,0,0.3114948453608247,33.2750437172121,0.9830508474576272,-20.0
trend,0,0.3215463917525773,32.3757182113415,0.9830508474576272,-20.0
trend,0,0.33159793814432986,31.296527604296784,0.9830508474576272,-20.0
trend,0,0.34164948453608246,29.85760679490383,0.9830508474576272,-20.0
trend,0,0.35170103092783506,29.13814639020735,0.9830508474576272,-20.0
trend,0,0.3617525773195876,27.699225580814396,0.9830508474576272,-20.0
trend,0,0.3718041237113402,27.339495378466157,0.9774011299435028,-20.0
trend,0,0.38185567010309274,25.72070946789908,0.9717514124293786,-20.0
trend,0,0.39190721649484533,25.001249063202604,0.9717514124293786,-25.0
trend,0,0.40195876288659793,24.281788658506127,0.9717514124293786,-25.0
trend,0,0.4120103092783505,23.56232825380965,0.9717514124293786,-25.0
trend,0,0.42206185567010307,22.48313764676493,0.9661016949152542,-25.0
trend,0,0.43211340206185567,22.123407444416692,0.9661016949152542,-25.0
trend,0,0.4421649484536082,21.403947039720215,0.9661016949152542,-25.0
trend,0,0.4522164948453608,21.044216837371977,0.9548022598870056,-25.0
trend,0,0.4622680412371134,20.50462153384962,0.9491525423728814,-25.0
trend,0,0.47231958762886594,19.4254309268049,0.9491525423728814,-25.0
trend,0,0.48237113402061854,18.885835623282542,0.943502824858757,-25.0
trend,0,0.4924226804123711,18.526105420934304,0.9378531073446328,-25.0
trend,0,0.5024742268041237,17.26704971271547,0.9322033898305084,-25.0
trend,0,0.5125257731958762,16.907319510367227,0.9265536723163842,-27.5
trend,0,0.5225773195876289,16.36772420684487,0.9265536723163842,-27.5
trend,0,0.5326288659793814,15.828128903322511,0.9265536723163842,-30.0
trend,0,0.542680412371134,15.648263802148392,0.9152542372881356,-30.0
trend,0,0.5527319587628866,15.108668498626034,0.9096045197740112,-30.0
trend,0,0.5627835051546392,14.928803397451915,0.9096045197740112,-30.0
trend,0,0.5728350515463917,14.748938296277796,0.903954802259887,-30.0
trend,0,0.5828865979381443,14.389208093929556,0.8926553672316384,-30.0
trend,0,0.5929381443298969,13.669747689233079,0.8813559322033898,-30.0
trend,0,0.6029896907216494,12.77042218336248,0.8757062146892656,-30.0
trend,0,0.613041237113402,12.590557082188361,0.8531073446327684,-30.0
trend,0,0.6230927835051546,12.230826879840123,0.847457627118644,-30.0
trend,0,0.6331443298969072,11.691231576317765,0.8418079096045198,-30.0
trend,0,0.6431958762886597,11.691231576317765,0.8361581920903954,-30.0
trend,0,0.6532474226804124,11.691231576317765,0.8361581920903954,-30.0
trend,0,0.6632989690721649,11.691231576317765,0.8361581920903954,-30.0
trend,0,0.6733505154639174,11.511366475143644,0.8361581920903954,-32.5
trend,0,0.6834020618556701,11.331501373969525,0.8361581920903954,-32.5
trend,0,0.6934536082474226,11.151636272795406,0.8248587570621468,-30.0
trend,0,0.7035051546391752,11.151636272795406,0.8248587570621468,-35.0
trend,0,0.7135567010309278,10.612040969273048,0.8248587570621468,-35.0
trend,0,0.7236082474226804,10.612040969273048,0.8135593220338984,-35.0
trend,0,0.7336597938144329,10.07244566575069,0.8135593220338984,-35.0
trend,0,0.7437113402061855,9.89258056457657,0.8135593220338984,-35.0
trend,0,0.7537628865979381,9.71271546340245,0.8135593220338984,-35.0
trend,0,0.7638144329896907,9.173120159880092,0.8135593220338984,-35.0
trend,0,0.7738659793814432,8.813389957531854,0.8022598870056498,-35.0
trend,0,0.7839175257731958,8.813389957531854,0.7966101694915254,-35.0
trend,0,0.7939690721649484,8.273794654009494,0.7966101694915254,-35.0
trend,0,0.8040206185567009,8.273794654009494,0.7966101694915254,-35.0
trend,0,0.8140721649484536,7.7341993504871365,0.7909604519774012,-35.0
trend,0,0.8241237113402061,7.7341993504871365,0.7796610169491526,-35.0
trend,0,0.8341752577319587,7.554334249313017,0.7796610169491526,-35.0
trend,0,0.8442268041237113,7.194604046964778,0.7796610169491526,-35.0
trend,0,0.8542783505154639,6.65500874344242,0.768361581920904,-35.0
trend,0,0.8643298969072164,6.295278541094181,0.7627118644067796,-35.0
trend,0,0.874381443298969,6.1154134399200615,0.7627118644067796,-35.0
trend,0,0.8844329896907216,6.1154134399200615,0.7570621468926554,-35.0
trend,0,0.8944845360824741,5.755683237571822,0.7570621468926554,-35.0
trend,0,0.9045360824742268,5.755683237571822,0.751412429378531,-40.0
trend,0,0.9145876288659793,5.575818136397703,0.7457627118644068,-40.0
trend,0,0.9246391752577319,5.395953035223584,0.7457627118644068,-40.0
trend,0,0.9346907216494844,5.395953035223584,0.7344632768361582,-40.0
trend,0,0.9447422680412371,5.036222832875345,0.7288135593220338,-40.0
trend,0,0.9547938144329896,5.036222832875345,0.7175141242937854,-40.0
trend,0,0.9648453608247421,5.036222832875345,0.7062146892655368,-40.0
trend,0,0.9748969072164948,4.856357731701225,0.6949152542372882,-40.0
trend,0,0.9849484536082473,4.4966275293529865,0.6892655367231638,-40.0
trend,0,0.995,4.4966275293529865,0.6779661016949152,-40.0
trend,120,0.02,60.0749437921559,1.0,55.0
trend,120,0.030051546391752577,60.0749437921559,1.0,55.0
trend,120,0.040103092783505156,60.0749437921559,1.0,55.0
trend,120,0.050154639175257726,59.71521358980766,1.0,55.0
trend,120,0.06020618556701031,59.71521358980766,1.0,55.0
trend,120,0.07025773195876288,59.71521358980766,1.0,55.0
trend,120,0.08030927835051546,59.35548338745942,1.0,55.0
trend,120,0.09036082474226804,59.1756182862853,1.0,55.0
trend,120,0.10041237113402061,58.63602298276294,1.0,55.0
trend,120,0.11046391752577318,58.2762927804147,1.0,55.0
trend,120,0.12051546391752577,58.096427679240584,1.0,55.0
trend,120,0.13056701030927834,57.197102173369984,1.0,55.0
trend,120,0.1406185567010309,56.11791156632527,1.0,55.0
trend,120,0.15067010309278348,54.85885585810643,1.0,55.0
trend,120,0.16072164948453607,52.700474644017,1.0,55.0
trend,120,0.17077319587628864,51.98101423932052,1.0,55.0
trend,120,0.1808247422680412,51.44141893579816,1.0,55.0
trend,120,0.19087628865979378,50.00249812640521,1.0,55.0
trend,120,0.20092783505154635,46.76492630527106,1.0,50.0
trend,120,0.21097938144329895,45.50587059705222,1.0,45.0
trend,120,0.22103092783505152,43.70721958531103,1.0,40.0
trend,120,0.23108247422680409,42.44816387709219,1.0,35.0
trend,120,0.24113402061855668,41.368973270047476,1.0,35.0
trend,120,0.25118556701030925,39.57032225830628,1.0,35.0
trend,120,0.26123711340206185,37.95153634773921,0.9971751412429378,30.0
trend,120,0.27128865979381445,36.69248063952037,0.9971751412429378,30.0
trend,120,0.281340206185567,35.79315513364977,0.9943502824858758,25.0
trend,120,0.2913917525773196,35.253559830127415,0.9943502824858758,20.0
trend,120,0.3014432989690722,33.63477391956034,0.9943502824858758,20.0
trend,120,0.3114948453608247,33.2750437172121,0.9943502824858758,15.0
trend,120,0.3215463917525773,32.3757182113415,0.9915254237288136,15.0
trend,120,0.33159793814432986,31.296527604296784,0.9858757062146892,10.0
trend,120,0.34164948453608246,29.85760679490383,0.9858757062146892,10.0
trend,120,0.35170103092783506,29.13814639020735,0.9830508474576272,7.5
trend,120,0.3617525773195876,27.699225580814396,0.9830508474576272,5.0
trend,120,0.3718041237113402,27.339495378466157,0.9830508474576272,5.0
trend,120,0.38185567010309274,25.72070946789908,0.980225988700565,5.0
trend,120,0.39190721649484533,25.001249063202604,0.980225988700565,5.0
trend,120,0.40195876288659793,24.281788658506127,0.9717514124293786,0.0
trend,120,0.4120103092783505,23.56232825380965,0.9717514124293786,-5.0
trend,120,0.42206185567010307,22.48313764676493,0.9661016949152542,-5.0
trend,120,0.43211340206185567,22.123407444416692,0.9661016949152542,-5.0
trend,120,0.4421649484536082,21.403947039720215,0.9661016949152542,-10.0
trend,120,0.4522164948453608,21.044216837371977,0.9661016949152542,-10.0
trend,120,0.4622680412371134,20.50462153384962,0.96045197740113,-10.0
trend,120,0.47231958762886594,19.4254309268049,0.9576271186440678,-10.0
trend,120,0.48237113402061854,18.885835623282542,0.9463276836158192,-10.0
trend,120,0.4924226804123711,18.526105420934304,0.9378531073446328,-10.0
trend,120,0.5024742268041237,17.26704971271547,0.9378531073446328,-10.0
trend,120,0.5125257731958762,16.907319510367227,0.9350282485875706,-15.0
trend,120,0.5225773195876289,16.36772420684487,0.9322033898305084,-15.0
trend,120,0.5326288659793814,15.828128903322511,0.9322033898305084,-15.0
trend,120,0.542680412371134,15.648263802148392,0.9293785310734464,-15.0
trend,120,0.5527319587628866,15.108668498626034,0.9293785310734464,-20.0
trend,120,0.5627835051546392,14.928803397451915,0.9152542372881356,-20.0
trend,120,0.5728350515463917,14.748938296277796,0.9124293785310734,-20.0
trend,120,0.5828865979381443,14.389208093929556,0.9096045197740112,-20.0
trend,120,0.5929381443298969,13.669747689233079,0.8983050847457628,-25.0
trend,120,0.6029896907216494,12.77042218336248,0.8926553672316384,-25.0
trend,120,0.613041237113402,12.590557082188361,0.8926553672316384,-25.0
trend,120,0.6230927835051546,12.230826879840123,0.8870056497175142,-25.0
trend,120,0.6331443298969072,11.691231576317765,0.8813559322033898,-25.0
trend,120,0.6431958762886597,11.691231576317765,0.8785310734463276,-25.0
trend,120,0.6532474226804124,11.691231576317765,0.8728813559322034,-25.0
trend,120,0.6632989690721649,11.691231576317765,0.8700564971751412,-25.0
trend,120,0.6733505154639174,11.511366475143644,0.867231638418079,-25.0
trend,120,0.6834020618556701,11.331501373969525,0.867231638418079,-30.0
trend,120,0.6934536082474226,11.151636272795406,0.8587570621468926,-30.0
trend,120,0.7035051546391752,11.151636272795406,0.8587570621468926,-30.0
trend,120,0.7135567010309278,10.612040969273048,0.8559322033898306,-30.0
trend,120,0.7236082474226804,10.612040969273048,0.8559322033898306,-30.0
trend,120,0.7336597938144329,10.07244566575069,0.8531073446327684,-30.0
trend,120,0.7437113402061855,9.89258056457657,0.8502824858757062,-30.0
trend,120,0.7537628865979381,9.71271546340245,0.844632768361582,-30.0
trend,120,0.7638144329896907,9.173120159880092,0.8389830508474576,-30.0
trend,120,0.7738659793814432,8.813389957531854,0.8389830508474576,-35.0
trend,120,0.7839175257731958,8.813389957531854,0.8389830508474576,-35.0
trend,120,0.7939690721649484,8.273794654009494,0.8389830508474576,-35.0
trend,120,0.8040206185567009,8.273794654009494,0.8389830508474576,-35.0
trend,120,0.8140721649484536,7.7341993504871365,0.8305084745762712,-35.0
trend,120,0.8241237113402061,7.7341993504871365,0.8305084745762712,-35.0
trend,120,0.8341752577319587,7.554334249313017,0.827683615819209,-35.0
trend,120,0.8442268041237113,7.194604046964778,0.8192090395480226,-35.0
trend,120,0.8542783505154639,6.65500874344242,0.8192090395480226,-35.0
trend,120,0.8643298969072164,6.295278541094181,0.8192090395480226,-35.0
trend,120,0.874381443298969,6.1154134399200615,0.8192090395480226,-35.0
trend,120,0.8844329896907216,6.1154134399200615,0.8163841807909604,-40.0
trend,120,0.8944845360824741,5.755683237571822,0.8135593220338984,-40.0
trend,120,0.9045360824742268,5.755683237571822,0.807909604519774,-40.0
trend,120,0.9145876288659793,5.575818136397703,0.8050847457627118,-40.0
trend,120,0.9246391752577319,5.395953035223584,0.7994350282485876,-40.0
trend,120,0.9346907216494844,5.395953035223584,0.7937853107344632,-40.0
trend,120,0.9447422680412371,5.036222832875345,0.7853107344632768,-40.0
trend,120,0.9547938144329896,5.036222832875345,0.7768361581920904,-40.0
trend,120,0.9648453608247421,5.036222832875345,0.7740112994350282,-40.0
trend,120,0.9748969072164948,4.856357731701225,0.7598870056497176,-40.0
trend,120,0.9849484536082473,4.4966275293529865,0.751412429378531,-40.0
trend,120,0.995,4.4966275293529865,0.7429378531073446,-40.0
trend,300,0.02,60.0749437921559,1.0,145.0
trend,300,0.030051546391752577,60.0749437921559,1.0,145.0
trend,300,0.040103092783505156,60.0749437921559,1.0,145.0
trend,300,0.050154639175257726,59.71521358980766,1.0,145.0
trend,300,0.06020618556701031,59.71521358980766,1.0,145.0
trend,300,0.07025773195876288,59.71521358980766,1.0,145.0
trend,300,0.08030927835051546,59.35548338745942,1.0,145.0
trend,300,0.09036082474226804,59.1756182862853,1.0,145.0
trend,300,0.10041237113402061,58.63602298276294,1.0,145.0
trend,300,0.11046391752577318,58.2762927804147,1.0,145.0
trend,300,0.12051546391752577,58.096427679240584,1.0,145.0
trend,300,0.13056701030927834,57.197102173369984,1.0,145.0
trend,300,0.1406185567010309,56.11791156632527,1.0,145.0
trend,300,0.15067010309278348,54.85885585810643,1.0,145.0
trend,300,0.16072164948453607,52.700474644017,1.0,145.0
trend,300,0.17077319587628864,51.98101423932052,1.0,145.0
trend,300,0.1808247422680412,51.44141893579816,1.0,145.0
trend,300,0.19087628865979378,50.00249812640521,1.0,135.0
trend,300,0.20092783505154635,46.76492630527106,1.0,130.0
trend,300,0.21097938144329895,45.50587059705222,1.0,130.0
trend,300,0.22103092783505152,43.70721958531103,1.0,120.0
trend,300,0.23108247422680409,42.44816387709219,1.0,120.0
trend,300,0.24113402061855668,41.368973270047476,1.0,115.0
trend,300,0.25118556701030925,39.57032225830628,0.9971751412429378,115.0
trend,300,0.26123711340206185,37.95153634773921,0.9971751412429378,110.0
trend,300,0.27128865979381445,36.69248063952037,0.9971751412429378,105.0
trend,300,0.281340206185567,35.79315513364977,0.9971751412429378,105.0
trend,300,0.2913917525773196,35.253559830127415,0.9971751412429378,100.0
trend,300,0.3014432989690722,33.63477391956034,0.9971751412429378,95.0
trend,300,0.3114948453608247,33.2750437172121,0.9971751412429378,95.0
trend,300,0.3215463917525773,32.3757182113415,0.9971751412429378,90.0
trend,300,0.33159793814432986,31.296527604296784,0.9943502824858758,90.0
trend,300,0.34164948453608246,29.85760679490383,0.9943502824858758,90.0
trend,300,0.35170103092783506,29.13814639020735,0.9915254237288136,85.0
trend,300,0.3617525773195876,27.699225580814396,0.9915254237288136,85.0
trend,300,0.3718041237113402,27.339495378466157,0.9915254237288136,85.0
trend,300,0.38185567010309274,25.72070946789908,0.9887005649717514,80.0
trend,300,0.39190721649484533,25.001249063202604,0.980225988700565,80.0
trend,300,0.40195876288659793,24.281788658506127,0.980225988700565,75.0
trend,300,0.4120103092783505,23.56232825380965,0.980225988700565,70.0
trend,300,0.42206185567010307,22.48313764676493,0.980225988700565,65.0
trend,300,0.43211340206185567,22.123407444416692,0.980225988700565,65.0
trend,300,0.4421649484536082,21.403947039720215,0.9774011299435028,62.5
trend,300,0.4522164948453608,21.044216837371977,0.9774011299435028,60.0
trend,300,0.4622680412371134,20.50462153384962,0.9774011299435028,55.0
trend,300,0.47231958762886594,19.4254309268049,0.9717514124293786,55.0
trend,300,0.48237113402061854,18.885835623282542,0.9689265536723164,50.0
trend,300,0.4924226804123711,18.526105420934304,0.963276836158192,50.0
trend,300,0.5024742268041237,17.26704971271547,0.96045197740113,45.0
trend,300,0.5125257731958762,16.907319510367227,0.96045197740113,40.0
trend,300,0.5225773195876289,16.36772420684487,0.9548022598870056,37.5
trend,300,0.5326288659793814,15.828128903322511,0.9463276836158192,30.0
trend,300,0.542680412371134,15.648263802148392,0.9463276836158192,30.0
trend,300,0.5527319587628866,15.108668498626034,0.943502824858757,30.0
trend,300,0.5627835051546392,14.928803397451915,0.9350282485875706,30.0
trend,300,0.5728350515463917,14.748938296277796,0.9322033898305084,30.0
trend,300,0.5828865979381443,14.389208093929556,0.9322033898305084,25.0
trend,300,0.5929381443298969,13.669747689233079,0.923728813559322,30.0
trend,300,0.6029896907216494,12.77042218336248,0.923728813559322,25.0
trend,300,0.613041237113402,12.590557082188361,0.9209039548022598,25.0
trend,300,0.6230927835051546,12.230826879840123,0.9209039548022598,20.0
trend,300,0.6331443298969072,11.691231576317765,0.9152542372881356,20.0
trend,300,0.6431958762886597,11.691231576317765,0.9152542372881356,15.0
trend,300,0.6532474226804124,11.691231576317765,0.9124293785310734,15.0
trend,300,0.6632989690721649,11.691231576317765,0.9096045197740112,10.0
trend,300,0.6733505154639174,11.511366475143644,0.8983050847457628,10.0
trend,300,0.6834020618556701,11.331501373969525,0.8926553672316384,10.0
trend,300,0.6934536082474226,11.151636272795406,0.8898305084745762,5.0
trend,300,0.7035051546391752,11.151636272795406,0.8898305084745762,5.0
trend,300,0.7135567010309278,10.612040969273048,0.8757062146892656,5.0
trend,300,0.7236082474226804,10.612040969273048,0.8757062146892656,5.0
trend,300,0.7336597938144329,10.07244566575069,0.8700564971751412,5.0
trend,300,0.7437113402061855,9.89258056457657,0.867231638418079,5.0
trend,300,0.7537628865979381,9.71271546340245,0.867231638418079,5.0
trend,300,0.7638144329896907,9.173120159880092,0.867231638418079,0.0
trend,300,0.7738659793814432,8.813389957531854,0.864406779661017,0.0
trend,300,0.7839175257731958,8.813389957531854,0.864406779661017,0.0
trend,300,0.7939690721649484,8.273794654009494,0.8587570621468926,0.0
trend,300,0.8040206185567009,8.273794654009494,0.8531073446327684,-5.0
trend,300,0.8140721649484536,7.7341993504871365,0.8531073446327684,-5.0
trend,300,0.8241237113402061,7.7341993504871365,0.8531073446327684,-5.0
trend,300,0.8341752577319587,7.554334249313017,0.847457627118644,-10.0
trend,300,0.8442268041237113,7.194604046964778,0.847457627118644,-10.0
trend,300,0.8542783505154639,6.65500874344242,0.8418079096045198,-10.0
trend,300,0.8643298969072164,6.295278541094181,0.8418079096045198,-15.0
trend,300,0.874381443298969,6.1154134399200615,0.8333333333333334,-20.0
trend,300,0.8844329896907216,6.1154134399200615,0.8305084745762712,-20.0
trend,300,0.8944845360824741,5.755683237571822,0.8248587570621468,-20.0
trend,300,0.9045360824742268,5.755683237571822,0.8248587570621468,-25.0
trend,300,0.9145876288659793,5.575818136397703,0.8220338983050848,-25.0
trend,300,0.9246391752577319,5.395953035223584,0.8192090395480226,-25.0
trend,300,0.9346907216494844,5.395953035223584,0.8135593220338984,-25.0
trend,300,0.9447422680412371,5.036222832875345,0.807909604519774,-27.5
trend,300,0.9547938144329896,5.036222832875345,0.8050847457627118,-25.0
trend,300,0.9648453608247421,5.036222832875345,0.7994350282485876,-30.0
trend,300,0.9748969072164948,4.856357731701225,0.7909604519774012,-30.0
trend,300,0.9849484536082473,4.4966275293529865,0.7853107344632768,-30.0
trend,300,0.995,4.4966275293529865,0.7768361581920904,-30.0
trend,600,0.02,60.0749437921559,1.0,295.0
trend,600,0.030051546391752577,60.0749437921559,1.0,295.0
trend,600,0.040103092783505156,60.0749437921559,1.0,295.0
trend,600,0.050154639175257726,59.71521358980766,1.0,295.0
trend,600,0.06020618556701031,59.71521358980766,1.0,295.0
trend,600,0.07025773195876288,59.71521358980766,1.0,295.0
trend,600,0.08030927835051546,59.35548338745942,1.0,295.0
trend,600,0.09036082474226804,59.1756182862853,1.0,295.0
trend,600,0.10041237113402061,58.63602298276294,1.0,295.0
trend,600,0.11046391752577318,58.2762927804147,1.0,295.0
trend,600,0.12051546391752577,58.096427679240584,1.0,295.0
trend,600,0.13056701030927834,57.197102173369984,1.0,295.0
trend,600,0.1406185567010309,56.11791156632527,1.0,295.0
trend,600,0.15067010309278348,54.85885585810643,1.0,295.0
trend,600,0.16072164948453607,52.700474644017,1.0,295.0
trend,600,0.17077319587628864,51.98101423932052,1.0,295.0
trend,600,0.1808247422680412,51.44141893579816,1.0,290.0
trend,600,0.19087628865979378,50.00249812640521,1.0,285.0
trend,600,0.20092783505154635,46.76492630527106,1.0,280.0
trend,600,0.21097938144329895,45.50587059705222,1.0,280.0
trend,600,0.22103092783505152,43.70721958531103,1.0,275.0
trend,600,0.23108247422680409,42.44816387709219,1.0,270.0
trend,600,0.24113402061855668,41.368973270047476,1.0,267.5
trend,600,0.25118556701030925,39.57032225830628,1.0,265.0
trend,600,0.26123711340206185,37.95153634773921,1.0,260.0
trend,600,0.27128865979381445,36.69248063952037,1.0,255.0
trend,600,0.281340206185567,35.79315513364977,1.0,255.0
trend,600,0.2913917525773196,35.253559830127415,1.0,252.5
trend,600,0.3014432989690722,33.63477391956034,1.0,245.0
trend,600,0.3114948453608247,33.2750437172121,1.0,240.0
trend,600,0.3215463917525773,32.3757182113415,1.0,235.0
trend,600,0.33159793814432986,31.296527604296784,1.0,230.0
trend,600,0.34164948453608246,29.85760679490383,1.0,225.0
trend,600,0.35170103092783506,29.13814639020735,1.0,215.0
trend,600,0.3617525773195876,27.699225580814396,1.0,210.0
trend,600,0.3718041237113402,27.339495378466157,1.0,197.5
trend,600,0.38185567010309274,25.72070946789908,0.9971751412429378,195.0
trend,600,0.39190721649484533,25.001249063202604,0.9971751412429378,190.0
trend,600,0.40195876288659793,24.281788658506127,0.9971751412429378,185.0
trend,600,0.4120103092783505,23.56232825380965,0.9915254237288136,185.0
trend,600,0.42206185567010307,22.48313764676493,0.9915254237288136,185.0
trend,600,0.43211340206185567,22.123407444416692,0.9858757062146892,180.0
trend,600,0.4421649484536082,21.403947039720215,0.9830508474576272,175.0
trend,600,0.4522164948453608,21.044216837371977,0.9830508474576272,172.5
trend,600,0.4622680412371134,20.50462153384962,0.980225988700565,170.0
trend,600,0.47231958762886594,19.4254309268049,0.9774011299435028,165.0
trend,600,0.48237113402061854,18.885835623282542,0.9745762711864406,160.0
trend,600,0.4924226804123711,18.526105420934304,0.9717514124293786,155.0
trend,600,0.5024742268041237,17.26704971271547,0.9689265536723164,155.0
trend,600,0.5125257731958762,16.907319510367227,0.9689265536723164,140.0
trend,600,0.5225773195876289,16.36772420684487,0.9689265536723164,135.0
trend,600,0.5326288659793814,15.828128903322511,0.9661016949152542,132.5
trend,600,0.542680412371134,15.648263802148392,0.9661016949152542,130.0
trend,600,0.5527319587628866,15.108668498626034,0.963276836158192,130.0
trend,600,0.5627835051546392,14.928803397451915,0.96045197740113,122.5
trend,600,0.5728350515463917,14.748938296277796,0.9576271186440678,120.0
trend,600,0.5828865979381443,14.389208093929556,0.9548022598870056,117.5
trend,600,0.5929381443298969,13.669747689233079,0.9491525423728814,110.0
trend,600,0.6029896907216494,12.77042218336248,0.943502824858757,110.0
trend,600,0.613041237113402,12.590557082188361,0.9378531073446328,110.0
trend,600,0.6230927835051546,12.230826879840123,0.9350282485875706,110.0
trend,600,0.6331443298969072,11.691231576317765,0.9322033898305084,105.0
trend,600,0.6431958762886597,11.691231576317765,0.9265536723163842,105.0
trend,600,0.6532474226804124,11.691231576317765,0.9265536723163842,100.0
trend,600,0.6632989690721649,11.691231576317765,0.9265536723163842,97.5
trend,600,0.6733505154639174,11.511366475143644,0.923728813559322,95.0
trend,600,0.6834020618556701,11.331501373969525,0.923728813559322,90.0
trend,600,0.6934536082474226,11.151636272795406,0.9152542372881356,85.0
trend,600,0.7035051546391752,11.151636272795406,0.9152542372881356,82.5
trend,600,0.7135567010309278,10.612040969273048,0.9152542372881356,80.0
trend,600,0.7236082474226804,10.612040969273048,0.9124293785310734,80.0
trend,600,0.7336597938144329,10.07244566575069,0.9096045197740112,80.0
trend,600,0.7437113402061855,9.89258056457657,0.9067796610169492,70.0
trend,600,0.7537628865979381,9.71271546340245,0.9067796610169492,70.0
trend,600,0.7638144329896907,9.173120159880092,0.9011299435028248,65.0
trend,600,0.7738659793814432,8.813389957531854,0.9011299435028248,60.0
trend,600,0.7839175257731958,8.813389957531854,0.8983050847457628,60.0
trend,600,0.7939690721649484,8.273794654009494,0.8926553672316384,60.0
trend,600,0.8040206185567009,8.273794654009494,0.8898305084745762,55.0
trend,600,0.8140721649484536,7.7341993504871365,0.8898305084745762,55.0
trend,600,0.8241237113402061,7.7341993504871365,0.8898305084745762,55.0
trend,600,0.8341752577319587,7.554334249313017,0.8898305084745762,55.0
trend,600,0.8442268041237113,7.194604046964778,0.884180790960452,55.0
trend,600,0.8542783505154639,6.65500874344242,0.884180790960452,50.0
trend,600,0.8643298969072164,6.295278541094181,0.8757062146892656,50.0
trend,600,0.874381443298969,6.1154134399200615,0.8700564971751412,42.5
trend,600,0.8844329896907216,6.1154134399200615,0.8615819209039548,40.0
trend,600,0.8944845360824741,5.755683237571822,0.8587570621468926,35.0
trend,600,0.9045360824742268,5.755683237571822,0.8559322033898306,35.0
trend,600,0.9145876288659793,5.575818136397703,0.8531073446327684,35.0
trend,600,0.9246391752577319,5.395953035223584,0.8531073446327684,32.5
trend,600,0.9346907216494844,5.395953035223584,0.847457627118644,32.5
trend,600,0.9447422680412371,5.036222832875345,0.8418079096045198,30.0
trend,600,0.9547938144329896,5.036222832875345,0.8418079096045198,30.0
trend,600,0.9648453608247421,5.036222832875345,0.8333333333333334,25.0
trend,600,0.9748969072164948,4.856357731701225,0.827683615819209,25.0
trend,600,0.9849484536082473,4.4966275293529865,0.827683615819209,20.0
trend,600,0.995,4.4966275293529865,0.8220338983050848,20.0
fc30,0,0.02,60.254808893330015,1.0,-5.0
fc30,0,0.030051546391752577,60.254808893330015,1.0,-5.0
fc30,0,0.040103092783505156,60.254808893330015,1.0,-5.0
fc30,0,0.050154639175257726,60.254808893330015,1.0,-5.0
fc30,0,0.06020618556701031,60.0749437921559,1.0,-5.0
fc30,0,0.07025773195876288,60.0749437921559,1.0,-5.0
fc30,0,0.08030927835051546,59.89507869098178,1.0,-5.0
fc30,0,0.09036082474226804,59.89507869098178,1.0,-5.0
fc30,0,0.10041237113402061,59.71521358980766,1.0,-5.0
fc30,0,0.11046391752577318,59.35548338745942,1.0,-5.0
fc30,0,0.12051546391752577,59.1756182862853,1.0,-5.0
fc30,0,0.13056701030927834,58.995753185111184,0.9887005649717514,-5.0
fc30,0,0.1406185567010309,58.81588808393706,0.9830508474576272,-5.0
fc30,0,0.15067010309278348,58.2762927804147,0.9774011299435028,-10.0
fc30,0,0.16072164948453607,57.55683237571822,0.9717514124293786,-10.0
fc30,0,0.17077319587628864,57.197102173369984,0.9717514124293786,-10.0
fc30,0,0.1808247422680412,55.93804646515115,0.9717514124293786,-15.0
fc30,0,0.19087628865979378,55.39845116162879,0.9661016949152542,-15.0
fc30,0,0.20092783505154635,54.49912565575819,0.9661016949152542,-15.0
fc30,0,0.21097938144329895,53.779665251061715,0.9661016949152542,-15.0
fc30,0,0.22103092783505152,52.34074444166876,0.9661016949152542,-15.0
fc30,0,0.23108247422680409,51.621284036972284,0.9661016949152542,-15.0
fc30,0,0.24113402061855668,50.18236322757933,0.96045197740113,-20.0
fc30,0,0.25118556701030925,47.844116912315776,0.96045197740113,-20.0
fc30,0,0.26123711340206185,46.58506120409694,0.943502824858757,-20.0
fc30,0,0.27128865979381445,44.60654509118162,0.943502824858757,-20.0
fc30,0,0.281340206185567,43.52735448413691,0.943502824858757,-20.0
fc30,0,0.2913917525773196,40.10991756182864,0.943502824858757,-20.0
fc30,0,0.3014432989690722,38.49113165126156,0.9322033898305084,-20.0
fc30,0,0.3114948453608247,36.69248063952037,0.9265536723163842,-20.0
fc30,0,0.3215463917525773,34.53409942543094,0.9209039548022598,-20.0
fc30,0,0.33159793814432986,31.656257806645023,0.9096045197740112,-25.0
fc30,0,0.34164948453608246,29.85760679490383,0.9096045197740112,-25.0
fc30,0,0.35170103092783506,26.62003497376968,0.903954802259887,-25.0
fc30,0,0.3617525773195876,25.9005745690732,0.903954802259887,-25.0
fc30,0,0.3718041237113402,24.101923557332007,0.9096045197740112,-25.0
fc30,0,0.38185567010309274,22.48313764676493,0.8813559322033898,-25.0
fc30,0,0.39190721649484533,21.403947039720215,0.8587570621468926,-25.0
fc30,0,0.40195876288659793,19.4254309268049,0.8587570621468926,-25.0
fc30,0,0.4120103092783505,17.626779915063707,0.8361581920903954,-25.0
fc30,0,0.42206185567010307,16.727454409193108,0.807909604519774,-20.0
fc30,0,0.43211340206185567,16.18785910567075,0.8022598870056498,-20.0
fc30,0,0.4421649484536082,15.468398700974273,0.8022598870056498,-20.0
fc30,0,0.4522164948453608,14.928803397451915,0.8022598870056498,-20.0
fc30,0,0.4622680412371134,13.130152385710721,0.7966101694915254,-20.0
fc30,0,0.47231958762886594,12.410691981014242,0.7966101694915254,-20.0
fc30,0,0.48237113402061854,11.691231576317765,0.7966101694915254,-20.0
fc30,0,0.4924226804123711,11.151636272795406,0.7966101694915254,-20.0
fc30,0,0.5024742268041237,10.612040969273048,0.7853107344632768,-20.0
fc30,0,0.5125257731958762,9.53285036222833,0.7740112994350282,-20.0
fc30,0,0.5225773195876289,8.813389957531854,0.7570621468926554,-22.5
fc30,0,0.5326288659793814,8.273794654009494,0.751412429378531,-25.0
fc30,0,0.542680412371134,8.093929552835375,0.7457627118644068,-25.0
fc30,0,0.5527319587628866,7.554334249313017,0.7457627118644068,-25.0
fc30,0,0.5627835051546392,7.374469148138898,0.7344632768361582,-25.0
fc30,0,0.5728350515463917,7.194604046964778,0.7288135593220338,-25.0
fc30,0,0.5828865979381443,7.014738945790659,0.7231638418079096,-22.5
fc30,0,0.5929381443298969,6.834873844616539,0.7175141242937854,-25.0
fc30,0,0.6029896907216494,6.1154134399200615,0.711864406779661,-25.0
fc30,0,0.613041237113402,5.575818136397703,0.7005649717514124,-25.0
fc30,0,0.6230927835051546,5.216087934049464,0.7005649717514124,-25.0
fc30,0,0.6331443298969072,4.856357731701225,0.7005649717514124,-25.0
fc30,0,0.6431958762886597,4.676492630527106,0.7005649717514124,-25.0
fc30,0,0.6532474226804124,4.676492630527106,0.7005649717514124,-25.0
fc30,0,0.6632989690721649,4.676492630527106,0.7005649717514124,-25.0
fc30,0,0.6733505154639174,4.4966275293529865,0.7005649717514124,-25.0
fc30,0,0.6834020618556701,4.316762428178867,0.7005649717514124,-25.0
fc30,0,0.6934536082474226,4.316762428178867,0.7005649717514124,-25.0
fc30,0,0.7035051546391752,4.136897327004747,0.6949152542372882,-25.0
fc30,0,0.7135567010309278,3.957032225830628,0.6892655367231638,-25.0
fc30,0,0.7236082474226804,3.957032225830628,0.6892655367231638,-25.0
fc30,0,0.7336597938144329,3.597302023482389,0.6949152542372882,-25.0
fc30,0,0.7437113402061855,3.597302023482389,0.6892655367231638,-25.0
fc30,0,0.7537628865979381,3.597302023482389,0.6836158192090396,-25.0
fc30,0,0.7638144329896907,3.597302023482389,0.6836158192090396,-25.0
fc30,0,0.7738659793814432,3.4174369223082697,0.6779661016949152,-25.0
fc30,0,0.7839175257731958,3.23757182113415,0.672316384180791,-25.0
fc30,0,0.7939690721649484,2.877841618785911,0.6610169491525424,-25.0
fc30,0,0.8040206185567009,2.877841618785911,0.6610169491525424,-25.0
fc30,0,0.8140721649484536,2.697976517611792,0.655367231638418,-30.0
fc30,0,0.8241237113402061,2.697976517611792,0.6497175141242938,-30.0
fc30,0,0.8341752577319587,2.5181114164376726,0.6497175141242938,-30.0
fc30,0,0.8442268041237113,2.5181114164376726,0.6384180790960452,-30.0
fc30,0,0.8542783505154639,2.5181114164376726,0.6384180790960452,-30.0
fc30,0,0.8643298969072164,2.5181114164376726,0.6384180790960452,-35.0
fc30,0,0.874381443298969,2.338246315263553,0.6214689265536724,-35.0
fc30,0,0.8844329896907216,2.1583812140894336,0.6214689265536724,-35.0
fc30,0,0.8944845360824741,2.1583812140894336,0.615819209039548,-35.0
fc30,0,0.9045360824742268,1.7986510117411945,0.6045197740112994,-35.0
fc30,0,0.9145876288659793,1.618785910567075,0.5932203389830508,-40.0
fc30,0,0.9246391752577319,1.618785910567075,0.5932203389830508,-40.0
fc30,0,0.9346907216494844,1.4389208093929555,0.3728813559322034,-35.0
fc30,0,0.9447422680412371,0.0,0.0,
fc30,0,0.9547938144329896,0.0,0.0,
fc30,0,0.9648453608247421,0.0,0.0,
fc30,0,0.9748969072164948,0.0,0.0,
fc30,0,0.9849484536082473,0.0,0.0,
fc30,0,0.995,0.0,0.0,
fc30,120,0.02,60.254808893330015,1.0,55.0
fc30,120,0.030051546391752577,60.254808893330015,1.0,55.0
fc30,120,0.040103092783505156,60.254808893330015,1.0,55.0
fc30,120,0.050154639175257726,60.254808893330015,1.0,55.0
fc30,120,0.06020618556701031,60.0749437921559,1.0,55.0
fc30,120,0.07025773195876288,60.0749437921559,1.0,55.0
fc30,120,0.08030927835051546,59.89507869098178,1.0,55.0
fc30,120,0.09036082474226804,59.89507869098178,1.0,55.0
fc30,120,0.10041237113402061,59.71521358980766,1.0,55.0
fc30,120,0.11046391752577318,59.35548338745942,1.0,55.0
fc30,120,0.12051546391752577,59.1756182862853,1.0,55.0
fc30,120,0.13056701030927834,58.995753185111184,1.0,55.0
fc30,120,0.1406185567010309,58.81588808393706,1.0,55.0
fc30,120,0.15067010309278348,58.2762927804147,1.0,55.0
fc30,120,0.16072164948453607,57.55683237571822,0.9971751412429378,50.0
fc30,120,0.17077319587628864,57.197102173369984,0.9915254237288136,45.0
fc30,120,0.1808247422680412,55.93804646515115,0.9915254237288136,45.0
fc30,120,0.19087628865979378,55.39845116162879,0.9887005649717514,40.0
fc30,120,0.20092783505154635,54.49912565575819,0.9887005649717514,40.0
fc30,120,0.21097938144329895,53.779665251061715,0.9887005649717514,37.5
fc30,120,0.22103092783505152,52.34074444166876,0.9858757062146892,35.0
fc30,120,0.23108247422680409,51.621284036972284,0.9858757062146892,30.0
fc30,120,0.24113402061855668,50.18236322757933,0.9830508474576272,25.0
fc30,120,0.25118556701030925,47.844116912315776,0.980225988700565,25.0
fc30,120,0.26123711340206185,46.58506120409694,0.9774011299435028,20.0
fc30,120,0.27128865979381445,44.60654509118162,0.9774011299435028,15.0
fc30,120,0.281340206185567,43.52735448413691,0.9774011299435028,15.0
fc30,120,0.2913917525773196,40.10991756182864,0.9774011299435028,10.0
fc30,120,0.3014432989690722,38.49113165126156,0.9774011299435028,5.0
fc30,120,0.3114948453608247,36.69248063952037,0.9745762711864406,5.0
fc30,120,0.3215463917525773,34.53409942543094,0.9717514124293786,5.0
fc30,120,0.33159793814432986,31.656257806645023,0.9689265536723164,5.0
fc30,120,0.34164948453608246,29.85760679490383,0.9661016949152542,0.0
fc30,120,0.35170103092783506,26.62003497376968,0.9661016949152542,0.0
fc30,120,0.3617525773195876,25.9005745690732,0.963276836158192,-5.0
fc30,120,0.3718041237113402,24.101923557332007,0.96045197740113,-10.0
fc30,120,0.38185567010309274,22.48313764676493,0.9491525423728814,-15.0
fc30,120,0.39190721649484533,21.403947039720215,0.9463276836158192,-15.0
fc30,120,0.40195876288659793,19.4254309268049,0.940677966101695,-15.0
fc30,120,0.4120103092783505,17.626779915063707,0.9378531073446328,-20.0
fc30,120,0.42206185567010307,16.727454409193108,0.9152542372881356,-20.0
fc30,120,0.43211340206185567,16.18785910567075,0.9067796610169492,-20.0
fc30,120,0.4421649484536082,15.468398700974273,0.8983050847457628,-20.0
fc30,120,0.4522164948453608,14.928803397451915,0.8898305084745762,-20.0
fc30,120,0.4622680412371134,13.130152385710721,0.884180790960452,-20.0
fc30,120,0.47231958762886594,12.410691981014242,0.8785310734463276,-20.0
fc30,120,0.48237113402061854,11.691231576317765,0.8700564971751412,-20.0
fc30,120,0.4924226804123711,11.151636272795406,0.8559322033898306,-20.0
fc30,120,0.5024742268041237,10.612040969273048,0.847457627118644,-20.0
fc30,120,0.5125257731958762,9.53285036222833,0.8389830508474576,-20.0
fc30,120,0.5225773195876289,8.813389957531854,0.8305084745762712,-20.0
fc30,120,0.5326288659793814,8.273794654009494,0.8220338983050848,-20.0
fc30,120,0.542680412371134,8.093929552835375,0.8220338983050848,-25.0
fc30,120,0.5527319587628866,7.554334249313017,0.8192090395480226,-25.0
fc30,120,0.5627835051546392,7.374469148138898,0.8163841807909604,-25.0
fc30,120,0.5728350515463917,7.194604046964778,0.8050847457627118,-25.0
fc30,120,0.5828865979381443,7.014738945790659,0.7966101694915254,-25.0
fc30,120,0.5929381443298969,6.834873844616539,0.7853107344632768,-25.0
fc30,120,0.6029896907216494,6.1154134399200615,0.7824858757062146,-25.0
fc30,120,0.613041237113402,5.575818136397703,0.7768361581920904,-25.0
fc30,120,0.6230927835051546,5.216087934049464,0.7740112994350282,-25.0
fc30,120,0.6331443298969072,4.856357731701225,0.768361581920904,-25.0
fc30,120,0.6431958762886597,4.676492630527106,0.768361581920904,-25.0
fc30,120,0.6532474226804124,4.676492630527106,0.7627118644067796,-25.0
fc30,120,0.6632989690721649,4.676492630527106,0.7570621468926554,-25.0
fc30,120,0.6733505154639174,4.4966275293529865,0.7542372881355932,-25.0
fc30,120,0.6834020618556701,4.316762428178867,0.7542372881355932,-25.0
fc30,120,0.6934536082474226,4.316762428178867,0.748587570621469,-25.0
fc30,120,0.7035051546391752,4.136897327004747,0.748587570621469,-25.0
fc30,120,0.7135567010309278,3.957032225830628,0.7457627118644068,-25.0
fc30,120,0.7236082474226804,3.957032225830628,0.7457627118644068,-30.0
fc30,120,0.7336597938144329,3.597302023482389,0.7401129943502824,-30.0
fc30,120,0.7437113402061855,3.597302023482389,0.7372881355932204,-30.0
fc30,120,0.7537628865979381,3.597302023482389,0.7344632768361582,-30.0
fc30,120,0.7638144329896907,3.597302023482389,0.7344632768361582,-30.0
fc30,120,0.7738659793814432,3.4174369223082697,0.731638418079096,-30.0
fc30,120,0.7839175257731958,3.23757182113415,0.7203389830508474,-30.0
fc30,120,0.7939690721649484,2.877841618785911,0.7175141242937854,-30.0
fc30,120,0.8040206185567009,2.877841618785911,0.7175141242937854,-30.0
fc30,120,0.8140721649484536,2.697976517611792,0.7062146892655368,-30.0
fc30,120,0.8241237113402061,2.697976517611792,0.6977401129943502,-30.0
fc30,120,0.8341752577319587,2.5181114164376726,0.6949152542372882,-30.0
fc30,120,0.8442268041237113,2.5181114164376726,0.6836158192090396,-32.5
fc30,120,0.8542783505154639,2.5181114164376726,0.6694915254237288,-35.0
fc30,120,0.8643298969072164,2.5181114164376726,0.652542372881356,-30.0
fc30,120,0.874381443298969,2.338246315263553,0.6468926553672316,-35.0
fc30,120,0.8844329896907216,2.1583812140894336,0.6468926553672316,-35.0
fc30,120,0.8944845360824741,2.1583812140894336,0.6440677966101694,-35.0
fc30,120,0.9045360824742268,1.7986510117411945,0.635593220338983,-35.0
fc30,120,0.9145876288659793,1.618785910567075,0.6299435028248588,-40.0
fc30,120,0.9246391752577319,1.618785910567075,0.615819209039548,-40.0
fc30,120,0.9346907216494844,1.4389208093929555,0.403954802259887,-35.0
fc30,120,0.9447422680412371,0.0,0.0,
fc30,120,0.9547938144329896,0.0,0.0,
fc30,120,0.9648453608247421,0.0,0.0,
fc30,120,0.9748969072164948,0.0,0.0,
fc30,120,0.9849484536082473,0.0,0.0,
fc30,120,0.995,0.0,0.0,
fc30,300,0.02,60.254808893330015,1.0,145.0
fc30,300,0.030051546391752577,60.254808893330015,1.0,145.0
fc30,300,0.040103092783505156,60.254808893330015,1.0,145.0
fc30,300,0.050154639175257726,60.254808893330015,1.0,145.0
fc30,300,0.06020618556701031,60.0749437921559,1.0,145.0
fc30,300,0.07025773195876288,60.0749437921559,1.0,145.0
fc30,300,0.08030927835051546,59.89507869098178,1.0,145.0
fc30,300,0.09036082474226804,59.89507869098178,1.0,145.0
fc30,300,0.10041237113402061,59.71521358980766,1.0,145.0
fc30,300,0.11046391752577318,59.35548338745942,1.0,145.0
fc30,300,0.12051546391752577,59.1756182862853,1.0,145.0
fc30,300,0.13056701030927834,58.995753185111184,1.0,145.0
fc30,300,0.1406185567010309,58.81588808393706,1.0,145.0
fc30,300,0.15067010309278348,58.2762927804147,1.0,145.0
fc30,300,0.16072164948453607,57.55683237571822,1.0,145.0
fc30,300,0.17077319587628864,57.197102173369984,0.9971751412429378,140.0
fc30,300,0.1808247422680412,55.93804646515115,0.9971751412429378,140.0
fc30,300,0.19087628865979378,55.39845116162879,0.9971751412429378,135.0
fc30,300,0.20092783505154635,54.49912565575819,0.9971751412429378,135.0
fc30,300,0.21097938144329895,53.779665251061715,0.9943502824858758,130.0
fc30,300,0.22103092783505152,52.34074444166876,0.9943502824858758,125.0
fc30,300,0.23108247422680409,51.621284036972284,0.9943502824858758,122.5
fc30,300,0.24113402061855668,50.18236322757933,0.9943502824858758,115.0
fc30,300,0.25118556701030925,47.844116912315776,0.9915254237288136,115.0
fc30,300,0.26123711340206185,46.58506120409694,0.9915254237288136,110.0
fc30,300,0.27128865979381445,44.60654509118162,0.9915254237288136,105.0
fc30,300,0.281340206185567,43.52735448413691,0.9887005649717514,100.0
fc30,300,0.2913917525773196,40.10991756182864,0.9887005649717514,95.0
fc30,300,0.3014432989690722,38.49113165126156,0.9887005649717514,90.0
fc30,300,0.3114948453608247,36.69248063952037,0.980225988700565,80.0
fc30,300,0.3215463917525773,34.53409942543094,0.980225988700565,75.0
fc30,300,0.33159793814432986,31.656257806645023,0.9774011299435028,75.0
fc30,300,0.34164948453608246,29.85760679490383,0.9745762711864406,70.0
fc30,300,0.35170103092783506,26.62003497376968,0.9745762711864406,65.0
fc30,300,0.3617525773195876,25.9005745690732,0.9717514124293786,60.0
fc30,300,0.3718041237113402,24.101923557332007,0.9689265536723164,60.0
fc30,300,0.38185567010309274,22.48313764676493,0.9689265536723164,50.0
fc30,300,0.39190721649484533,21.403947039720215,0.9661016949152542,45.0
fc30,300,0.40195876288659793,19.4254309268049,0.9661016949152542,37.5
fc30,300,0.4120103092783505,17.626779915063707,0.9661016949152542,30.0
fc30,300,0.42206185567010307,16.727454409193108,0.96045197740113,25.0
fc30,300,0.43211340206185567,16.18785910567075,0.9519774011299436,20.0
fc30,300,0.4421649484536082,15.468398700974273,0.9491525423728814,15.0
fc30,300,0.4522164948453608,14.928803397451915,0.940677966101695,15.0
fc30,300,0.4622680412371134,13.130152385710721,0.9265536723163842,15.0
fc30,300,0.47231958762886594,12.410691981014242,0.9265536723163842,15.0
fc30,300,0.48237113402061854,11.691231576317765,0.9180790960451978,15.0
fc30,300,0.4924226804123711,11.151636272795406,0.9124293785310734,15.0
fc30,300,0.5024742268041237,10.612040969273048,0.9067796610169492,15.0
fc30,300,0.5125257731958762,9.53285036222833,0.8954802259887006,15.0
fc30,300,0.5225773195876289,8.813389957531854,0.8870056497175142,12.5
fc30,300,0.5326288659793814,8.273794654009494,0.8785310734463276,10.0
fc30,300,0.542680412371134,8.093929552835375,0.8700564971751412,12.5
fc30,300,0.5527319587628866,7.554334249313017,0.8700564971751412,10.0
fc30,300,0.5627835051546392,7.374469148138898,0.8615819209039548,10.0
fc30,300,0.5728350515463917,7.194604046964778,0.8615819209039548,10.0
fc30,300,0.5828865979381443,7.014738945790659,0.8559322033898306,10.0
fc30,300,0.5929381443298969,6.834873844616539,0.8502824858757062,10.0
fc30,300,0.6029896907216494,6.1154134399200615,0.8502824858757062,10.0
fc30,300,0.613041237113402,5.575818136397703,0.847457627118644,5.0
fc30,300,0.6230927835051546,5.216087934049464,0.8418079096045198,5.0
fc30,300,0.6331443298969072,4.856357731701225,0.8418079096045198,2.5
fc30,300,0.6431958762886597,4.676492630527106,0.8389830508474576,0.0
fc30,300,0.6532474226804124,4.676492630527106,0.8333333333333334,0.0
fc30,300,0.6632989690721649,4.676492630527106,0.8305084745762712,0.0
fc30,300,0.6733505154639174,4.4966275293529865,0.827683615819209,0.0
fc30,300,0.6834020618556701,4.316762428178867,0.8248587570621468,0.0
fc30,300,0.6934536082474226,4.316762428178867,0.8163841807909604,0.0
fc30,300,0.7035051546391752,4.136897327004747,0.8163841807909604,0.0
fc30,300,0.7135567010309278,3.957032225830628,0.8163841807909604,0.0
fc30,300,0.7236082474226804,3.957032225830628,0.8135593220338984,0.0
fc30,300,0.7336597938144329,3.597302023482389,0.807909604519774,-2.5
fc30,300,0.7437113402061855,3.597302023482389,0.8050847457627118,-5.0
fc30,300,0.7537628865979381,3.597302023482389,0.8022598870056498,-5.0
fc30,300,0.7638144329896907,3.597302023482389,0.7966101694915254,-5.0
fc30,300,0.7738659793814432,3.4174369223082697,0.7937853107344632,-10.0
fc30,300,0.7839175257731958,3.23757182113415,0.7909604519774012,-10.0
fc30,300,0.7939690721649484,2.877841618785911,0.788135593220339,-10.0
fc30,300,0.8040206185567009,2.877841618785911,0.7824858757062146,-15.0
fc30,300,0.8140721649484536,2.697976517611792,0.7768361581920904,-10.0
fc30,300,0.8241237113402061,2.697976517611792,0.7711864406779662,-10.0
fc30,300,0.8341752577319587,2.5181114164376726,0.7655367231638418,-15.0
fc30,300,0.8442268041237113,2.5181114164376726,0.7598870056497176,-15.0
fc30,300,0.8542783505154639,2.5181114164376726,0.751412429378531,-15.0
fc30,300,0.8643298969072164,2.5181114164376726,0.7457627118644068,-15.0
fc30,300,0.874381443298969,2.338246315263553,0.7372881355932204,-15.0
fc30,300,0.8844329896907216,2.1583812140894336,0.7231638418079096,-15.0
fc30,300,0.8944845360824741,2.1583812140894336,0.7175141242937854,-20.0
fc30,300,0.9045360824742268,1.7986510117411945,0.7146892655367232,-25.0
fc30,300,0.9145876288659793,1.618785910567075,0.6977401129943502,-25.0
fc30,300,0.9246391752577319,1.618785910567075,0.6949152542372882,-30.0
fc30,300,0.9346907216494844,1.4389208093929555,0.4378531073446328,-15.0
fc30,300,0.9447422680412371,0.0,0.0,
fc30,300,0.9547938144329896,0.0,0.0,
fc30,300,0.9648453608247421,0.0,0.0,
fc30,300,0.9748969072164948,0.0,0.0,
fc30,300,0.9849484536082473,0.0,0.0,
fc30,300,0.995,0.0,0.0,
fc30,600,0.02,60.254808893330015,1.0,295.0
fc30,600,0.030051546391752577,60.254808893330015,1.0,295.0
fc30,600,0.040103092783505156,60.254808893330015,1.0,295.0
fc30,600,0.050154639175257726,60.254808893330015,1.0,295.0
fc30,600,0.06020618556701031,60.0749437921559,1.0,295.0
fc30,600,0.07025773195876288,60.0749437921559,1.0,295.0
fc30,600,0.08030927835051546,59.89507869098178,1.0,295.0
fc30,600,0.09036082474226804,59.89507869098178,1.0,295.0
fc30,600,0.10041237113402061,59.71521358980766,1.0,295.0
fc30,600,0.11046391752577318,59.35548338745942,1.0,295.0
fc30,600,0.12051546391752577,59.1756182862853,1.0,295.0
fc30,600,0.13056701030927834,58.995753185111184,1.0,295.0
fc30,600,0.1406185567010309,58.81588808393706,1.0,295.0
fc30,600,0.15067010309278348,58.2762927804147,1.0,290.0
fc30,600,0.16072164948453607,57.55683237571822,1.0,287.5
fc30,600,0.17077319587628864,57.197102173369984,1.0,285.0
fc30,600,0.1808247422680412,55.93804646515115,1.0,280.0
fc30,600,0.19087628865979378,55.39845116162879,1.0,280.0
fc30,600,0.20092783505154635,54.49912565575819,0.9971751412429378,275.0
fc30,600,0.21097938144329895,53.779665251061715,0.9971751412429378,275.0
fc30,600,0.22103092783505152,52.34074444166876,0.9971751412429378,270.0
fc30,600,0.23108247422680409,51.621284036972284,0.9971751412429378,270.0
fc30,600,0.24113402061855668,50.18236322757933,0.9943502824858758,267.5
fc30,600,0.25118556701030925,47.844116912315776,0.9943502824858758,265.0
fc30,600,0.26123711340206185,46.58506120409694,0.9943502824858758,265.0
fc30,600,0.27128865979381445,44.60654509118162,0.9943502824858758,260.0
fc30,600,0.281340206185567,43.52735448413691,0.9915254237288136,255.0
fc30,600,0.2913917525773196,40.10991756182864,0.9915254237288136,250.0
fc30,600,0.3014432989690722,38.49113165126156,0.9887005649717514,240.0
fc30,600,0.3114948453608247,36.69248063952037,0.9887005649717514,230.0
fc30,600,0.3215463917525773,34.53409942543094,0.9858757062146892,220.0
fc30,600,0.33159793814432986,31.656257806645023,0.9858757062146892,215.0
fc30,600,0.34164948453608246,29.85760679490383,0.9858757062146892,205.0
fc30,600,0.35170103092783506,26.62003497376968,0.9858757062146892,200.0
fc30,600,0.3617525773195876,25.9005745690732,0.9830508474576272,190.0
fc30,600,0.3718041237113402,24.101923557332007,0.9830508474576272,185.0
fc30,600,0.38185567010309274,22.48313764676493,0.980225988700565,180.0
fc30,600,0.39190721649484533,21.403947039720215,0.9774011299435028,170.0
fc30,600,0.40195876288659793,19.4254309268049,0.9689265536723164,165.0
fc30,600,0.4120103092783505,17.626779915063707,0.963276836158192,160.0
fc30,600,0.42206185567010307,16.727454409193108,0.963276836158192,145.0
fc30,600,0.43211340206185567,16.18785910567075,0.96045197740113,142.5
fc30,600,0.4421649484536082,15.468398700974273,0.9548022598870056,135.0
fc30,600,0.4522164948453608,14.928803397451915,0.9548022598870056,127.5
fc30,600,0.4622680412371134,13.130152385710721,0.9463276836158192,125.0
fc30,600,0.47231958762886594,12.410691981014242,0.940677966101695,125.0
fc30,600,0.48237113402061854,11.691231576317765,0.9378531073446328,120.0
fc30,600,0.4924226804123711,11.151636272795406,0.9293785310734464,115.0
fc30,600,0.5024742268041237,10.612040969273048,0.9265536723163842,102.5
fc30,600,0.5125257731958762,9.53285036222833,0.923728813559322,100.0
fc30,600,0.5225773195876289,8.813389957531854,0.9209039548022598,100.0
fc30,600,0.5326288659793814,8.273794654009494,0.9180790960451978,95.0
fc30,600,0.542680412371134,8.093929552835375,0.9180790960451978,85.0
fc30,600,0.5527319587628866,7.554334249313017,0.9096045197740112,82.5
fc30,600,0.5627835051546392,7.374469148138898,0.9011299435028248,80.0
fc30,600,0.5728350515463917,7.194604046964778,0.8954802259887006,75.0
fc30,600,0.5828865979381443,7.014738945790659,0.8954802259887006,75.0
fc30,600,0.5929381443298969,6.834873844616539,0.8898305084745762,75.0
fc30,600,0.6029896907216494,6.1154134399200615,0.8898305084745762,70.0
fc30,600,0.613041237113402,5.575818136397703,0.8870056497175142,65.0
fc30,600,0.6230927835051546,5.216087934049464,0.8870056497175142,62.5
fc30,600,0.6331443298969072,4.856357731701225,0.884180790960452,65.0
fc30,600,0.6431958762886597,4.676492630527106,0.8757062146892656,65.0
fc30,600,0.6532474226804124,4.676492630527106,0.8728813559322034,55.0
fc30,600,0.6632989690721649,4.676492630527106,0.8700564971751412,55.0
fc30,600,0.6733505154639174,4.4966275293529865,0.864406779661017,52.5
fc30,600,0.6834020618556701,4.316762428178867,0.8587570621468926,52.5
fc30,600,0.6934536082474226,4.316762428178867,0.8559322033898306,50.0
fc30,600,0.7035051546391752,4.136897327004747,0.8531073446327684,50.0
fc30,600,0.7135567010309278,3.957032225830628,0.847457627118644,50.0
fc30,600,0.7236082474226804,3.957032225830628,0.8418079096045198,50.0
fc30,600,0.7336597938144329,3.597302023482389,0.8389830508474576,50.0
fc30,600,0.7437113402061855,3.597302023482389,0.8389830508474576,50.0
fc30,600,0.7537628865979381,3.597302023482389,0.8361581920903954,50.0
fc30,600,0.7638144329896907,3.597302023482389,0.8305084745762712,50.0
fc30,600,0.7738659793814432,3.4174369223082697,0.8248587570621468,47.5
fc30,600,0.7839175257731958,3.23757182113415,0.8163841807909604,50.0
fc30,600,0.7939690721649484,2.877841618785911,0.807909604519774,45.0
fc30,600,0.8040206185567009,2.877841618785911,0.8022598870056498,45.0
fc30,600,0.8140721649484536,2.697976517611792,0.8022598870056498,45.0
fc30,600,0.8241237113402061,2.697976517611792,0.7937853107344632,45.0
fc30,600,0.8341752577319587,2.5181114164376726,0.7909604519774012,45.0
fc30,600,0.8442268041237113,2.5181114164376726,0.788135593220339,40.0
fc30,600,0.8542783505154639,2.5181114164376726,0.7853107344632768,40.0
fc30,600,0.8643298969072164,2.5181114164376726,0.7796610169491526,35.0
fc30,600,0.874381443298969,2.338246315263553,0.7740112994350282,27.5
fc30,600,0.8844329896907216,2.1583812140894336,0.7627118644067796,25.0
fc30,600,0.8944845360824741,2.1583812140894336,0.7570621468926554,20.0
fc30,600,0.9045360824742268,1.7986510117411945,0.751412429378531,15.0
fc30,600,0.9145876288659793,1.618785910567075,0.7288135593220338,10.0
fc30,600,0.9246391752577319,1.618785910567075,0.7146892655367232,10.0
fc30,600,0.9346907216494844,1.4389208093929555,0.4265536723163842,45.0
fc30,600,0.9447422680412371,0.0,0.0,
fc30,600,0.9547938144329896,0.0,0.0,
fc30,600,0.9648453608247421,0.0,0.0,
fc30,600,0.9748969072164948,0.0,0.0,
fc30,600,0.9849484536082473,0.0,0.0,
fc30,600,0.995,0.0,0.0,
fc60,0,0.02,60.254808893330015,1.0,-5.0
fc60,0,0.030051546391752577,60.254808893330015,1.0,-5.0
fc60,0,0.040103092783505156,60.254808893330015,1.0,-5.0
fc60,0,0.050154639175257726,60.254808893330015,1.0,-5.0
fc60,0,0.06020618556701031,60.254808893330015,0.9943502824858758,-5.0
fc60,0,0.07025773195876288,60.254808893330015,0.9887005649717514,-5.0
fc60,0,0.08030927835051546,59.89507869098178,0.9887005649717514,-5.0
fc60,0,0.09036082474226804,59.89507869098178,0.9887005649717514,-5.0
fc60,0,0.10041237113402061,59.89507869098178,0.9830508474576272,-5.0
fc60,0,0.11046391752577318,59.53534848863354,0.9830508474576272,-5.0
fc60,0,0.12051546391752577,58.63602298276294,0.9774011299435028,-5.0
fc60,0,0.13056701030927834,58.45615788158882,0.9717514124293786,-5.0
fc60,0,0.1406185567010309,58.45615788158882,0.9717514124293786,-5.0
fc60,0,0.15067010309278348,57.01723707219587,0.96045197740113,-5.0
fc60,0,0.16072164948453607,56.11791156632527,0.9548022598870056,-5.0
fc60,0,0.17077319587628864,55.03872095928055,0.9548022598870056,-10.0
fc60,0,0.1808247422680412,54.319260554584076,0.943502824858757,-10.0
fc60,0,0.19087628865979378,53.24006994753936,0.9265536723163842,-12.5
fc60,0,0.20092783505154635,52.16087934049464,0.903954802259887,-15.0
fc60,0,0.21097938144329895,50.721958531101684,0.8926553672316384,-20.0
fc60,0,0.22103092783505152,48.38371221583813,0.8700564971751412,-22.5
fc60,0,0.23108247422680409,47.1246565076193,0.864406779661017,-25.0
fc60,0,0.24113402061855668,44.786410192355746,0.8587570621468926,-30.0
fc60,0,0.25118556701030925,42.08843367474395,0.8305084745762712,-35.0
fc60,0,0.26123711340206185,39.39045715713216,0.8192090395480226,-35.0
fc60,0,0.27128865979381445,37.05221084186861,0.8135593220338984,-35.0
fc60,0,0.281340206185567,34.893829627779176,0.8022598870056498,-35.0
fc60,0,0.2913917525773196,32.01598800899326,0.7909604519774012,-35.0
fc60,0,0.3014432989690722,30.397202098426188,0.7796610169491526,-35.0
fc60,0,0.3114948453608247,27.879090681988515,0.7457627118644068,-35.0
fc60,0,0.3215463917525773,25.9005745690732,0.7401129943502824,-35.0
fc60,0,0.33159793814432986,23.74219335498377,0.7344632768361582,-40.0
fc60,0,0.34164948453608246,21.403947039720215,0.7288135593220338,-40.0
fc60,0,0.35170103092783506,19.24556582563078,0.711864406779661,-40.0
fc60,0,0.3617525773195876,17.986510117411946,0.6892655367231638,-40.0
fc60,0,0.3718041237113402,16.727454409193108,0.6836158192090396,-40.0
fc60,0,0.38185567010309274,14.569073195103675,0.6779661016949152,-40.0
fc60,0,0.39190721649484533,12.77042218336248,0.6610169491525424,-40.0
fc60,0,0.40195876288659793,11.511366475143644,0.6610169491525424,-40.0
fc60,0,0.4120103092783505,10.791906070447167,0.655367231638418,-40.0
fc60,0,0.42206185567010307,10.07244566575069,0.6497175141242938,-40.0
fc60,0,0.43211340206185567,9.352985261054211,0.632768361581921,-42.5
fc60,0,0.4421649484536082,8.453659755183613,0.6271186440677966,-40.0
fc60,0,0.4522164948453608,7.7341993504871365,0.615819209039548,-40.0
fc60,0,0.4622680412371134,7.194604046964778,0.615819209039548,-45.0
fc60,0,0.47231958762886594,6.295278541094181,0.5988700564971752,-45.0
fc60,0,0.48237113402061854,4.856357731701225,0.5875706214689266,-45.0
fc60,0,0.4924226804123711,4.856357731701225,0.5875706214689266,-45.0
fc60,0,0.5024742268041237,4.856357731701225,0.5875706214689266,-45.0
fc60,0,0.5125257731958762,4.676492630527106,0.5875706214689266,-45.0
fc60,0,0.5225773195876289,4.4966275293529865,0.576271186440678,-45.0
fc60,0,0.5326288659793814,3.957032225830628,0.576271186440678,-45.0
fc60,0,0.542680412371134,3.597302023482389,0.5706214689265536,-45.0
fc60,0,0.5527319587628866,3.4174369223082697,0.559322033898305,-45.0
fc60,0,0.5627835051546392,3.23757182113415,0.559322033898305,-45.0
fc60,0,0.5728350515463917,3.0577067199600307,0.5536723163841808,-45.0
fc60,0,0.5828865979381443,2.877841618785911,0.5480225988700564,-45.0
fc60,0,0.5929381443298969,2.5181114164376726,0.5480225988700564,-45.0
fc60,0,0.6029896907216494,2.5181114164376726,0.5480225988700564,-45.0
fc60,0,0.613041237113402,2.5181114164376726,0.5423728813559322,-45.0
fc60,0,0.6230927835051546,2.5181114164376726,0.5310734463276836,-45.0
fc60,0,0.6331443298969072,2.1583812140894336,0.5310734463276836,-45.0
fc60,0,0.6431958762886597,1.978516112915314,0.5254237288135594,-45.0
fc60,0,0.6532474226804124,1.978516112915314,0.5254237288135594,-45.0
fc60,0,0.6632989690721649,1.618785910567075,0.519774011299435,-45.0
fc60,0,0.6733505154639174,1.4389208093929555,0.5141242937853108,-45.0
fc60,0,0.6834020618556701,1.4389208093929555,0.5141242937853108,-45.0
fc60,0,0.6934536082474226,1.4389208093929555,0.5141242937853108,-45.0
fc60,0,0.7035051546391752,1.4389208093929555,0.5028248587570622,-45.0
fc60,0,0.7135567010309278,1.2590557082188363,0.5028248587570622,-45.0
fc60,0,0.7236082474226804,1.2590557082188363,0.4971751412429379,-45.0
fc60,0,0.7336597938144329,1.2590557082188363,0.480225988700565,-45.0
fc60,0,0.7437113402061855,1.2590557082188363,0.4745762711864407,-45.0
fc60,0,0.7537628865979381,1.2590557082188363,0.4745762711864407,-45.0
fc60,0,0.7638144329896907,1.0791906070447168,0.4745762711864407,-45.0
fc60,0,0.7738659793814432,1.0791906070447168,0.4745762711864407,-45.0
fc60,0,0.7839175257731958,0.8993255058705972,0.4745762711864407,-45.0
fc60,0,0.7939690721649484,0.8993255058705972,0.4689265536723164,-45.0
fc60,0,0.8040206185567009,0.8993255058705972,0.4632768361581921,-47.5
fc60,0,0.8140721649484536,0.7194604046964778,0.4632768361581921,-50.0
fc60,0,0.8241237113402061,0.5395953035223584,0.4463276836158192,-50.0
fc60,0,0.8341752577319587,0.5395953035223584,0.4463276836158192,-50.0
fc60,0,0.8442268041237113,0.5395953035223584,0.4463276836158192,-50.0
fc60,0,0.8542783505154639,0.5395953035223584,0.423728813559322,-50.0
fc60,0,0.8643298969072164,0.3597302023482389,0.423728813559322,-50.0
fc60,0,0.874381443298969,0.3597302023482389,0.4124293785310734,-50.0
fc60,0,0.8844329896907216,0.3597302023482389,0.4067796610169492,-50.0
fc60,0,0.8944845360824741,0.17986510117411944,0.4011299435028249,-50.0
fc60,0,0.9045360824742268,0.17986510117411944,0.3785310734463277,-50.0
fc60,0,0.9145876288659793,0.0,0.3615819209039548,-52.5
fc60,0,0.9246391752577319,0.0,0.3389830508474576,-50.0
fc60,0,0.9346907216494844,0.0,0.2768361581920904,-50.0
fc60,0,0.9447422680412371,0.0,0.0,
fc60,0,0.9547938144329896,0.0,0.0,
fc60,0,0.9648453608247421,0.0,0.0,
fc60,0,0.9748969072164948,0.0,0.0,
fc60,0,0.9849484536082473,0.0,0.0,
fc60,0,0.995,0.0,0.0,
fc60,120,0.02,60.254808893330015,1.0,55.0
fc60,120,0.030051546391752577,60.254808893330015,1.0,55.0
fc60,120,0.040103092783505156,60.254808893330015,1.0,55.0
fc60,120,0.050154639175257726,60.254808893330015,1.0,55.0
fc60,120,0.06020618556701031,60.254808893330015,1.0,55.0
fc60,120,0.07025773195876288,60.254808893330015,0.9943502824858758,55.0
fc60,120,0.08030927835051546,59.89507869098178,0.9943502824858758,55.0
fc60,120,0.09036082474226804,59.89507869098178,0.9943502824858758,55.0
fc60,120,0.10041237113402061,59.89507869098178,0.9915254237288136,55.0
fc60,120,0.11046391752577318,59.53534848863354,0.9887005649717514,55.0
fc60,120,0.12051546391752577,58.63602298276294,0.980225988700565,55.0
fc60,120,0.13056701030927834,58.45615788158882,0.980225988700565,55.0
fc60,120,0.1406185567010309,58.45615788158882,0.9774011299435028,55.0
fc60,120,0.15067010309278348,57.01723707219587,0.9774011299435028,55.0
fc60,120,0.16072164948453607,56.11791156632527,0.9717514124293786,55.0
fc60,120,0.17077319587628864,55.03872095928055,0.9661016949152542,55.0
fc60,120,0.1808247422680412,54.319260554584076,0.9576271186440678,55.0
fc60,120,0.19087628865979378,53.24006994753936,0.9576271186440678,45.0
fc60,120,0.20092783505154635,52.16087934049464,0.9463276836158192,45.0
fc60,120,0.21097938144329895,50.721958531101684,0.9350282485875706,35.0
fc60,120,0.22103092783505152,48.38371221583813,0.9293785310734464,30.0
fc60,120,0.23108247422680409,47.1246565076193,0.9209039548022598,25.0
fc60,120,0.24113402061855668,44.786410192355746,0.9096045197740112,15.0
fc60,120,0.25118556701030925,42.08843367474395,0.9096045197740112,5.0
fc60,120,0.26123711340206185,39.39045715713216,0.9067796610169492,-10.0
fc60,120,0.27128865979381445,37.05221084186861,0.8898305084745762,-10.0
fc60,120,0.281340206185567,34.893829627779176,0.8870056497175142,-15.0
fc60,120,0.2913917525773196,32.01598800899326,0.8785310734463276,-25.0
fc60,120,0.3014432989690722,30.397202098426188,0.8587570621468926,-30.0
fc60,120,0.3114948453608247,27.879090681988515,0.8559322033898306,-30.0
fc60,120,0.3215463917525773,25.9005745690732,0.847457627118644,-35.0
fc60,120,0.33159793814432986,23.74219335498377,0.8361581920903954,-40.0
fc60,120,0.34164948453608246,21.403947039720215,0.8220338983050848,-40.0
fc60,120,0.35170103092783506,19.24556582563078,0.8135593220338984,-45.0
fc60,120,0.3617525773195876,17.986510117411946,0.8050847457627118,-45.0
fc60,120,0.3718041237113402,16.727454409193108,0.7796610169491526,-45.0
fc60,120,0.38185567010309274,14.569073195103675,0.7655367231638418,-45.0
fc60,120,0.39190721649484533,12.77042218336248,0.7401129943502824,-45.0
fc60,120,0.40195876288659793,11.511366475143644,0.7231638418079096,-45.0
fc60,120,0.4120103092783505,10.791906070447167,0.711864406779661,-50.0
fc60,120,0.42206185567010307,10.07244566575069,0.692090395480226,-50.0
fc60,120,0.43211340206185567,9.352985261054211,0.6751412429378532,-50.0
fc60,120,0.4421649484536082,8.453659755183613,0.652542372881356,-45.0
fc60,120,0.4522164948453608,7.7341993504871365,0.6440677966101694,-45.0
fc60,120,0.4622680412371134,7.194604046964778,0.635593220338983,-45.0
fc60,120,0.47231958762886594,6.295278541094181,0.6242937853107344,-50.0
fc60,120,0.48237113402061854,4.856357731701225,0.6186440677966102,-50.0
fc60,120,0.4924226804123711,4.856357731701225,0.6101694915254238,-50.0
fc60,120,0.5024742268041237,4.856357731701225,0.6045197740112994,-50.0
fc60,120,0.5125257731958762,4.676492630527106,0.5903954802259888,-50.0
fc60,120,0.5225773195876289,4.4966275293529865,0.5819209039548022,-50.0
fc60,120,0.5326288659793814,3.957032225830628,0.5706214689265536,-50.0
fc60,120,0.542680412371134,3.597302023482389,0.5677966101694916,-50.0
fc60,120,0.5527319587628866,3.4174369223082697,0.556497175141243,-50.0
fc60,120,0.5627835051546392,3.23757182113415,0.5536723163841808,-50.0
fc60,120,0.5728350515463917,3.0577067199600307,0.5480225988700564,-47.5
fc60,120,0.5828865979381443,2.877841618785911,0.5451977401129944,-50.0
fc60,120,0.5929381443298969,2.5181114164376726,0.5451977401129944,-50.0
fc60,120,0.6029896907216494,2.5181114164376726,0.5423728813559322,-50.0
fc60,120,0.613041237113402,2.5181114164376726,0.536723163841808,-50.0
fc60,120,0.6230927835051546,2.5181114164376726,0.536723163841808,-50.0
fc60,120,0.6331443298969072,2.1583812140894336,0.5282485875706214,-50.0
fc60,120,0.6431958762886597,1.978516112915314,0.5282485875706214,-50.0
fc60,120,0.6532474226804124,1.978516112915314,0.5282485875706214,-50.0
fc60,120,0.6632989690721649,1.618785910567075,0.5282485875706214,-50.0
fc60,120,0.6733505154639174,1.4389208093929555,0.5225988700564972,-50.0
fc60,120,0.6834020618556701,1.4389208093929555,0.5225988700564972,-50.0
fc60,120,0.6934536082474226,1.4389208093929555,0.5225988700564972,-50.0
fc60,120,0.7035051546391752,1.4389208093929555,0.5141242937853108,-50.0
fc60,120,0.7135567010309278,1.2590557082188363,0.5112994350282486,-50.0
fc60,120,0.7236082474226804,1.2590557082188363,0.5112994350282486,-50.0
fc60,120,0.7336597938144329,1.2590557082188363,0.5112994350282486,-50.0
fc60,120,0.7437113402061855,1.2590557082188363,0.5056497175141242,-50.0
fc60,120,0.7537628865979381,1.2590557082188363,0.5056497175141242,-50.0
fc60,120,0.7638144329896907,1.0791906070447168,0.5028248587570622,-50.0
fc60,120,0.7738659793814432,1.0791906070447168,0.4943502824858757,-50.0
fc60,120,0.7839175257731958,0.8993255058705972,0.4915254237288136,-50.0
fc60,120,0.7939690721649484,0.8993255058705972,0.4887005649717514,-50.0
fc60,120,0.8040206185567009,0.8993255058705972,0.4830508474576271,-50.0
fc60,120,0.8140721649484536,0.7194604046964778,0.4774011299435028,-50.0
fc60,120,0.8241237113402061,0.5395953035223584,0.4717514124293785,-50.0
fc60,120,0.8341752577319587,0.5395953035223584,0.4717514124293785,-50.0
fc60,120,0.8442268041237113,0.5395953035223584,0.4717514124293785,-55.0
fc60,120,0.8542783505154639,0.5395953035223584,0.4689265536723164,-55.0
fc60,120,0.8643298969072164,0.3597302023482389,0.4689265536723164,-55.0
fc60,120,0.874381443298969,0.3597302023482389,0.4632768361581921,-55.0
fc60,120,0.8844329896907216,0.3597302023482389,0.4604519774011299,-55.0
fc60,120,0.8944845360824741,0.17986510117411944,0.4576271186440678,-55.0
fc60,120,0.9045360824742268,0.17986510117411944,0.4548022598870056,-60.0
fc60,120,0.9145876288659793,0.0,0.4350282485875706,-57.5
fc60,120,0.9246391752577319,0.0,0.4209039548022599,-60.0
fc60,120,0.9346907216494844,0.0,0.3135593220338983,-55.0
fc60,120,0.9447422680412371,0.0,0.0,
fc60,120,0.9547938144329896,0.0,0.0,
fc60,120,0.9648453608247421,0.0,0.0,
fc60,120,0.9748969072164948,0.0,0.0,
fc60,120,0.9849484536082473,0.0,0.0,
fc60,120,0.995,0.0,0.0,
fc60,300,0.02,60.254808893330015,1.0,145.0
fc60,300,0.030051546391752577,60.254808893330015,1.0,145.0
fc60,300,0.040103092783505156,60.254808893330015,1.0,145.0
fc60,300,0.050154639175257726,60.254808893330015,1.0,145.0
fc60,300,0.06020618556701031,60.254808893330015,1.0,145.0
fc60,300,0.07025773195876288,60.254808893330015,0.9943502824858758,145.0
fc60,300,0.08030927835051546,59.89507869098178,0.9915254237288136,145.0
fc60,300,0.09036082474226804,59.89507869098178,0.9887005649717514,145.0
fc60,300,0.10041237113402061,59.89507869098178,0.9858757062146892,145.0
fc60,300,0.11046391752577318,59.53534848863354,0.9830508474576272,145.0
fc60,300,0.12051546391752577,58.63602298276294,0.9830508474576272,145.0
fc60,300,0.13056701030927834,58.45615788158882,0.9830508474576272,145.0
fc60,300,0.1406185567010309,58.45615788158882,0.980225988700565,145.0
fc60,300,0.15067010309278348,57.01723707219587,0.980225988700565,145.0
fc60,300,0.16072164948453607,56.11791156632527,0.980225988700565,145.0
fc60,300,0.17077319587628864,55.03872095928055,0.9774011299435028,145.0
fc60,300,0.1808247422680412,54.319260554584076,0.9745762711864406,140.0
fc60,300,0.19087628865979378,53.24006994753936,0.9661016949152542,135.0
fc60,300,0.20092783505154635,52.16087934049464,0.96045197740113,125.0
fc60,300,0.21097938144329895,50.721958531101684,0.9519774011299436,120.0
fc60,300,0.22103092783505152,48.38371221583813,0.940677966101695,115.0
fc60,300,0.23108247422680409,47.1246565076193,0.9350282485875706,110.0
fc60,300,0.24113402061855668,44.786410192355746,0.9293785310734464,100.0
fc60,300,0.25118556701030925,42.08843367474395,0.9265536723163842,90.0
fc60,300,0.26123711340206185,39.39045715713216,0.923728813559322,80.0
fc60,300,0.27128865979381445,37.05221084186861,0.923728813559322,55.0
fc60,300,0.281340206185567,34.893829627779176,0.9180790960451978,45.0
fc60,300,0.2913917525773196,32.01598800899326,0.9096045197740112,30.0
fc60,300,0.3014432989690722,30.397202098426188,0.8983050847457628,10.0
fc60,300,0.3114948453608247,27.879090681988515,0.8870056497175142,0.0
fc60,300,0.3215463917525773,25.9005745690732,0.8757062146892656,0.0
fc60,300,0.33159793814432986,23.74219335498377,0.864406779661017,-10.0
fc60,300,0.34164948453608246,21.403947039720215,0.8587570621468926,-12.5
fc60,300,0.35170103092783506,19.24556582563078,0.8502824858757062,-15.0
fc60,300,0.3617525773195876,17.986510117411946,0.8305084745762712,-17.5
fc60,300,0.3718041237113402,16.727454409193108,0.8192090395480226,-25.0
fc60,300,0.38185567010309274,14.569073195103675,0.8022598870056498,-30.0
fc60,300,0.39190721649484533,12.77042218336248,0.788135593220339,-35.0
fc60,300,0.40195876288659793,11.511366475143644,0.7655367231638418,-35.0
fc60,300,0.4120103092783505,10.791906070447167,0.7570621468926554,-35.0
fc60,300,0.42206185567010307,10.07244566575069,0.748587570621469,-35.0
fc60,300,0.43211340206185567,9.352985261054211,0.731638418079096,-40.0
fc60,300,0.4421649484536082,8.453659755183613,0.7288135593220338,-40.0
fc60,300,0.4522164948453608,7.7341993504871365,0.711864406779661,-40.0
fc60,300,0.4622680412371134,7.194604046964778,0.7033898305084746,-40.0
fc60,300,0.47231958762886594,6.295278541094181,0.6977401129943502,-40.0
fc60,300,0.48237113402061854,4.856357731701225,0.6892655367231638,-40.0
fc60,300,0.4924226804123711,4.856357731701225,0.6836158192090396,-40.0
fc60,300,0.5024742268041237,4.856357731701225,0.6836158192090396,-40.0
fc60,300,0.5125257731958762,4.676492630527106,0.6751412429378532,-40.0
fc60,300,0.5225773195876289,4.4966275293529865,0.6638418079096046,-40.0
fc60,300,0.5326288659793814,3.957032225830628,0.655367231638418,-42.5
fc60,300,0.542680412371134,3.597302023482389,0.6440677966101694,-42.5
fc60,300,0.5527319587628866,3.4174369223082697,0.6384180790960452,-45.0
fc60,300,0.5627835051546392,3.23757182113415,0.6299435028248588,-45.0
fc60,300,0.5728350515463917,3.0577067199600307,0.6271186440677966,-42.5
fc60,300,0.5828865979381443,2.877841618785911,0.6242937853107344,-40.0
fc60,300,0.5929381443298969,2.5181114164376726,0.6214689265536724,-42.5
fc60,300,0.6029896907216494,2.5181114164376726,0.6101694915254238,-42.5
fc60,300,0.613041237113402,2.5181114164376726,0.6045197740112994,-40.0
fc60,300,0.6230927835051546,2.5181114164376726,0.5932203389830508,-40.0
fc60,300,0.6331443298969072,2.1583812140894336,0.5903954802259888,-40.0
fc60,300,0.6431958762886597,1.978516112915314,0.5847457627118644,-40.0
fc60,300,0.6532474226804124,1.978516112915314,0.5819209039548022,-42.5
fc60,300,0.6632989690721649,1.618785910567075,0.5790960451977402,-45.0
fc60,300,0.6733505154639174,1.4389208093929555,0.576271186440678,-45.0
fc60,300,0.6834020618556701,1.4389208093929555,0.576271186440678,-45.0
fc60,300,0.6934536082474226,1.4389208093929555,0.576271186440678,-45.0
fc60,300,0.7035051546391752,1.4389208093929555,0.5706214689265536,-45.0
fc60,300,0.7135567010309278,1.2590557082188363,0.5621468926553672,-45.0
fc60,300,0.7236082474226804,1.2590557082188363,0.556497175141243,-50.0
fc60,300,0.7336597938144329,1.2590557082188363,0.5508474576271186,-50.0
fc60,300,0.7437113402061855,1.2590557082188363,0.5423728813559322,-50.0
fc60,300,0.7537628865979381,1.2590557082188363,0.536723163841808,-50.0
fc60,300,0.7638144329896907,1.0791906070447168,0.5310734463276836,-50.0
fc60,300,0.7738659793814432,1.0791906070447168,0.5282485875706214,-50.0
fc60,300,0.7839175257731958,0.8993255058705972,0.5225988700564972,-50.0
fc60,300,0.7939690721649484,0.8993255058705972,0.5141242937853108,-50.0
fc60,300,0.8040206185567009,0.8993255058705972,0.5112994350282486,-50.0
fc60,300,0.8140721649484536,0.7194604046964778,0.5112994350282486,-50.0
fc60,300,0.8241237113402061,0.5395953035223584,0.5,-50.0
fc60,300,0.8341752577319587,0.5395953035223584,0.4915254237288136,-50.0
fc60,300,0.8442268041237113,0.5395953035223584,0.4887005649717514,-50.0
fc60,300,0.8542783505154639,0.5395953035223584,0.4774011299435028,-50.0
fc60,300,0.8643298969072164,0.3597302023482389,0.4774011299435028,-55.0
fc60,300,0.874381443298969,0.3597302023482389,0.4717514124293785,-55.0
fc60,300,0.8844329896907216,0.3597302023482389,0.4661016949152542,-55.0
fc60,300,0.8944845360824741,0.17986510117411944,0.4576271186440678,-55.0
fc60,300,0.9045360824742268,0.17986510117411944,0.4463276836158192,-60.0
fc60,300,0.9145876288659793,0.0,0.4406779661016949,-60.0
fc60,300,0.9246391752577319,0.0,0.4209039548022599,-60.0
fc60,300,0.9346907216494844,0.0,0.3248587570621469,-50.0
fc60,300,0.9447422680412371,0.0,0.0,
fc60,300,0.9547938144329896,0.0,0.0,
fc60,300,0.9648453608247421,0.0,0.0,
fc60,300,0.9748969072164948,0.0,0.0,
fc60,300,0.9849484536082473,0.0,0.0,
fc60,300,0.995,0.0,0.0,
fc60,600,0.02,60.254808893330015,1.0,295.0
fc60,600,0.030051546391752577,60.254808893330015,1.0,295.0
fc60,600,0.040103092783505156,60.254808893330015,1.0,295.0
fc60,600,0.050154639175257726,60.254808893330015,1.0,295.0
fc60,600,0.06020618556701031,60.254808893330015,0.9971751412429378,295.0
fc60,600,0.07025773195876288,60.254808893330015,0.9943502824858758,295.0
fc60,600,0.08030927835051546,59.89507869098178,0.9943502824858758,295.0
fc60,600,0.09036082474226804,59.89507869098178,0.9943502824858758,295.0
fc60,600,0.10041237113402061,59.89507869098178,0.9943502824858758,295.0
fc60,600,0.11046391752577318,59.53534848863354,0.9943502824858758,295.0
fc60,600,0.12051546391752577,58.63602298276294,0.9943502824858758,295.0
fc60,600,0.13056701030927834,58.45615788158882,0.9943502824858758,295.0
fc60,600,0.1406185567010309,58.45615788158882,0.9915254237288136,295.0
fc60,600,0.15067010309278348,57.01723707219587,0.9915254237288136,295.0
fc60,600,0.16072164948453607,56.11791156632527,0.9887005649717514,295.0
fc60,600,0.17077319587628864,55.03872095928055,0.9887005649717514,295.0
fc60,600,0.1808247422680412,54.319260554584076,0.9887005649717514,285.0
fc60,600,0.19087628865979378,53.24006994753936,0.9887005649717514,280.0
fc60,600,0.20092783505154635,52.16087934049464,0.9887005649717514,270.0
fc60,600,0.21097938144329895,50.721958531101684,0.9830508474576272,265.0
fc60,600,0.22103092783505152,48.38371221583813,0.9717514124293786,257.5
fc60,600,0.23108247422680409,47.1246565076193,0.9661016949152542,252.5
fc60,600,0.24113402061855668,44.786410192355746,0.9576271186440678,250.0
fc60,600,0.25118556701030925,42.08843367474395,0.9519774011299436,240.0
fc60,600,0.26123711340206185,39.39045715713216,0.9491525423728814,225.0
fc60,600,0.27128865979381445,37.05221084186861,0.940677966101695,205.0
fc60,600,0.281340206185567,34.893829627779176,0.9350282485875706,160.0
fc60,600,0.2913917525773196,32.01598800899326,0.9265536723163842,130.0
fc60,600,0.3014432989690722,30.397202098426188,0.9209039548022598,125.0
fc60,600,0.3114948453608247,27.879090681988515,0.9180790960451978,105.0
fc60,600,0.3215463917525773,25.9005745690732,0.903954802259887,90.0
fc60,600,0.33159793814432986,23.74219335498377,0.8926553672316384,82.5
fc60,600,0.34164948453608246,21.403947039720215,0.8785310734463276,70.0
fc60,600,0.35170103092783506,19.24556582563078,0.8728813559322034,35.0
fc60,600,0.3617525773195876,17.986510117411946,0.864406779661017,27.5
fc60,600,0.3718041237113402,16.727454409193108,0.8559322033898306,15.0
fc60,600,0.38185567010309274,14.569073195103675,0.8418079096045198,12.5
fc60,600,0.39190721649484533,12.77042218336248,0.8361581920903954,2.5
fc60,600,0.40195876288659793,11.511366475143644,0.8333333333333334,-5.0
fc60,600,0.4120103092783505,10.791906070447167,0.8192090395480226,-10.0
fc60,600,0.42206185567010307,10.07244566575069,0.807909604519774,-12.5
fc60,600,0.43211340206185567,9.352985261054211,0.7994350282485876,-20.0
fc60,600,0.4421649484536082,8.453659755183613,0.7796610169491526,-22.5
fc60,600,0.4522164948453608,7.7341993504871365,0.7711864406779662,-30.0
fc60,600,0.4622680412371134,7.194604046964778,0.7655367231638418,-35.0
fc60,600,0.47231958762886594,6.295278541094181,0.7401129943502824,-35.0
fc60,600,0.48237113402061854,4.856357731701225,0.731638418079096,-40.0
fc60,600,0.4924226804123711,4.856357731701225,0.731638418079096,-40.0
fc60,600,0.5024742268041237,4.856357731701225,0.7146892655367232,-40.0
fc60,600,0.5125257731958762,4.676492630527106,0.6977401129943502,-40.0
fc60,600,0.5225773195876289,4.4966275293529865,0.692090395480226,-40.0
fc60,600,0.5326288659793814,3.957032225830628,0.6807909604519774,-40.0
fc60,600,0.542680412371134,3.597302023482389,0.672316384180791,-40.0
fc60,600,0.5527319587628866,3.4174369223082697,0.655367231638418,-40.0
fc60,600,0.5627835051546392,3.23757182113415,0.652542372881356,-45.0
fc60,600,0.5728350515463917,3.0577067199600307,0.6412429378531074,-40.0
fc60,600,0.5828865979381443,2.877841618785911,0.6412429378531074,-40.0
fc60,600,0.5929381443298969,2.5181114164376726,0.632768361581921,-40.0
fc60,600,0.6029896907216494,2.5181114164376726,0.632768361581921,-42.5
fc60,600,0.613041237113402,2.5181114164376726,0.632768361581921,-45.0
fc60,600,0.6230927835051546,2.5181114164376726,0.6271186440677966,-45.0
fc60,600,0.6331443298969072,2.1583812140894336,0.6186440677966102,-45.0
fc60,600,0.6431958762886597,1.978516112915314,0.615819209039548,-45.0
fc60,600,0.6532474226804124,1.978516112915314,0.6129943502824858,-45.0
fc60,600,0.6632989690721649,1.618785910567075,0.6129943502824858,-45.0
fc60,600,0.6733505154639174,1.4389208093929555,0.6073446327683616,-45.0
fc60,600,0.6834020618556701,1.4389208093929555,0.6045197740112994,-45.0
fc60,600,0.6934536082474226,1.4389208093929555,0.5988700564971752,-45.0
fc60,600,0.7035051546391752,1.4389208093929555,0.596045197740113,-45.0
fc60,600,0.7135567010309278,1.2590557082188363,0.5903954802259888,-50.0
fc60,600,0.7236082474226804,1.2590557082188363,0.5819209039548022,-45.0
fc60,600,0.7336597938144329,1.2590557082188363,0.5819209039548022,-50.0
fc60,600,0.7437113402061855,1.2590557082188363,0.5790960451977402,-55.0
fc60,600,0.7537628865979381,1.2590557082188363,0.576271186440678,-55.0
fc60,600,0.7638144329896907,1.0791906070447168,0.576271186440678,-55.0
fc60,600,0.7738659793814432,1.0791906070447168,0.5677966101694916,-60.0
fc60,600,0.7839175257731958,0.8993255058705972,0.5649717514124294,-60.0
fc60,600,0.7939690721649484,0.8993255058705972,0.5508474576271186,-60.0
fc60,600,0.8040206185567009,0.8993255058705972,0.5480225988700564,-60.0
fc60,600,0.8140721649484536,0.7194604046964778,0.5480225988700564,-60.0
fc60,600,0.8241237113402061,0.5395953035223584,0.5423728813559322,-60.0
fc60,600,0.8341752577319587,0.5395953035223584,0.536723163841808,-60.0
fc60,600,0.8442268041237113,0.5395953035223584,0.5282485875706214,-60.0
fc60,600,0.8542783505154639,0.5395953035223584,0.5225988700564972,-60.0
fc60,600,0.8643298969072164,0.3597302023482389,0.5141242937853108,-65.0
fc60,600,0.874381443298969,0.3597302023482389,0.5084745762711864,-65.0
fc60,600,0.8844329896907216,0.3597302023482389,0.5028248587570622,-70.0
fc60,600,0.8944845360824741,0.17986510117411944,0.4887005649717514,-65.0
fc60,600,0.9045360824742268,0.17986510117411944,0.4830508474576271,-70.0
fc60,600,0.9145876288659793,0.0,0.4689265536723164,-75.0
fc60,600,0.9246391752577319,0.0,0.4463276836158192,-70.0
fc60,600,0.9346907216494844,0.0,0.327683615819209,-57.5
fc60,600,0.9447422680412371,0.0,0.0,
fc60,600,0.9547938144329896,0.0,0.0,
fc60,600,0.9648453608247421,0.0,0.0,
fc60,600,0.9748969072164948,0.0,0.0,
fc60,600,0.9849484536082473,0.0,0.0,
fc60,600,0.995,0.0,0.0,
step_now,0,0.02,60.254808893330015,1.0,-5.0
step_now,0,0.030051546391752577,60.254808893330015,1.0,-5.0
step_now,0,0.040103092783505156,60.254808893330015,1.0,-5.0
step_now,0,0.050154639175257726,59.89507869098178,1.0,-5.0
step_now,0,0.06020618556701031,59.71521358980766,1.0,-5.0
step_now,0,0.07025773195876288,59.53534848863354,1.0,-5.0
step_now,0,0.08030927835051546,59.53534848863354,1.0,-5.0
step_now,0,0.09036082474226804,59.1756182862853,1.0,-5.0
step_now,0,0.10041237113402061,58.81588808393706,1.0,-5.0
step_now,0,0.11046391752577318,58.81588808393706,1.0,-5.0
step_now,0,0.12051546391752577,58.45615788158882,1.0,-5.0
step_now,0,0.13056701030927834,58.45615788158882,1.0,-5.0
step_now,0,0.1406185567010309,58.096427679240584,0.9887005649717514,-5.0
step_now,0,0.15067010309278348,57.91656257806646,0.9887005649717514,-5.0
step_now,0,0.16072164948453607,57.37696727454411,0.9943502824858758,-5.0
step_now,0,0.17077319587628864,57.197102173369984,0.9943502824858758,-5.0
step_now,0,0.1808247422680412,56.837371971021746,0.9943502824858758,-5.0
step_now,0,0.19087628865979378,56.65750686984763,0.9887005649717514,-5.0
step_now,0,0.20092783505154635,55.578316262802915,0.9887005649717514,-5.0
step_now,0,0.21097938144329895,55.21858606045467,0.9830508474576272,-10.0
step_now,0,0.22103092783505152,54.678990756932315,0.9830508474576272,-10.0
step_now,0,0.23108247422680409,54.13939545340995,0.9830508474576272,-10.0
step_now,0,0.24113402061855668,53.06020484636524,0.9830508474576272,-10.0
step_now,0,0.25118556701030925,52.520609542842884,0.9830508474576272,-10.0
step_now,0,0.26123711340206185,51.261553834624046,0.9830508474576272,-15.0
step_now,0,0.27128865979381445,50.00249812640521,0.9830508474576272,-15.0
step_now,0,0.281340206185567,49.10317262053461,0.9774011299435028,-15.0
step_now,0,0.2913917525773196,48.203847114664015,0.9774011299435028,-15.0
step_now,0,0.3014432989690722,46.40519610292282,0.9774011299435028,-15.0
step_now,0,0.3114948453608247,44.786410192355746,0.9717514124293786,-15.0
step_now,0,0.3215463917525773,44.06694978765927,0.9717514124293786,-15.0
step_now,0,0.33159793814432986,42.26829877591807,0.9774011299435028,-20.0
step_now,0,0.34164948453608246,40.46964776417688,0.9717514124293786,-15.0
step_now,0,0.35170103092783506,39.21059205595804,0.9717514124293786,-20.0
step_now,0,0.3617525773195876,37.411941044216846,0.96045197740113,-20.0
step_now,0,0.3718041237113402,36.15288533599801,0.96045197740113,-20.0
step_now,0,0.38185567010309274,34.893829627779176,0.96045197740113,-20.0
step_now,0,0.39190721649484533,33.2750437172121,0.96045197740113,-20.0
step_now,0,0.40195876288659793,31.476392705470904,0.96045197740113,-20.0
step_now,0,0.4120103092783505,29.85760679490383,0.9548022598870056,-20.0
step_now,0,0.42206185567010307,28.77841618785911,0.943502824858757,-20.0
step_now,0,0.43211340206185567,26.7999000749438,0.943502824858757,-20.0
step_now,0,0.4421649484536082,25.360979265550842,0.9378531073446328,-22.5
step_now,0,0.4522164948453608,24.281788658506127,0.9322033898305084,-20.0
step_now,0,0.4622680412371134,22.66300274793905,0.9209039548022598,-25.0
step_now,0,0.47231958762886594,21.763677242068454,0.9096045197740112,-25.0
step_now,0,0.48237113402061854,20.864351736197857,0.9096045197740112,-25.0
step_now,0,0.4924226804123711,20.14489133150138,0.9096045197740112,-25.0
step_now,0,0.5024742268041237,19.60529602797902,0.8983050847457628,-25.0
step_now,0,0.5125257731958762,19.06570072445666,0.8870056497175142,-25.0
step_now,0,0.5225773195876289,17.806645016237827,0.8870056497175142,-25.0
step_now,0,0.5326288659793814,17.08718461154135,0.8870056497175142,-25.0
step_now,0,0.542680412371134,16.54758930801899,0.8870056497175142,-25.0
step_now,0,0.5527319587628866,15.648263802148392,0.8870056497175142,-25.0
step_now,0,0.5627835051546392,15.468398700974273,0.8870056497175142,-25.0
step_now,0,0.5728350515463917,14.928803397451915,0.8870056497175142,-25.0
step_now,0,0.5828865979381443,14.029477891581317,0.8870056497175142,-25.0
step_now,0,0.5929381443298969,13.31001748688484,0.8757062146892656,-25.0
step_now,0,0.6029896907216494,12.590557082188361,0.8757062146892656,-25.0
step_now,0,0.613041237113402,12.050961778666004,0.8757062146892656,-25.0
step_now,0,0.6230927835051546,11.691231576317765,0.8757062146892656,-25.0
step_now,0,0.6331443298969072,10.791906070447167,0.864406779661017,-25.0
step_now,0,0.6431958762886597,10.612040969273048,0.864406779661017,-30.0
step_now,0,0.6532474226804124,10.07244566575069,0.8531073446327684,-25.0
step_now,0,0.6632989690721649,9.352985261054211,0.8531073446327684,-25.0
step_now,0,0.6733505154639174,8.993255058705973,0.8418079096045198,-25.0
step_now,0,0.6834020618556701,8.813389957531854,0.8418079096045198,-25.0
step_now,0,0.6934536082474226,8.273794654009494,0.8418079096045198,-25.0
step_now,0,0.7035051546391752,8.273794654009494,0.8418079096045198,-30.0
step_now,0,0.7135567010309278,7.914064451661256,0.8418079096045198,-30.0
step_now,0,0.7236082474226804,7.7341993504871365,0.8248587570621468,-30.0
step_now,0,0.7336597938144329,7.194604046964778,0.8192090395480226,-30.0
step_now,0,0.7437113402061855,6.834873844616539,0.8192090395480226,-30.0
step_now,0,0.7537628865979381,6.834873844616539,0.8192090395480226,-30.0
step_now,0,0.7638144329896907,6.295278541094181,0.807909604519774,-30.0
step_now,0,0.7738659793814432,6.295278541094181,0.7966101694915254,-30.0
step_now,0,0.7839175257731958,6.1154134399200615,0.7966101694915254,-30.0
step_now,0,0.7939690721649484,5.216087934049464,0.7740112994350282,-30.0
step_now,0,0.8040206185567009,4.856357731701225,0.7740112994350282,-30.0
step_now,0,0.8140721649484536,4.316762428178867,0.7740112994350282,-30.0
step_now,0,0.8241237113402061,4.316762428178867,0.7796610169491526,-30.0
step_now,0,0.8341752577319587,4.316762428178867,0.7740112994350282,-35.0
step_now,0,0.8442268041237113,4.136897327004747,0.768361581920904,-35.0
step_now,0,0.8542783505154639,4.136897327004747,0.7570621468926554,-32.5
step_now,0,0.8643298969072164,3.597302023482389,0.751412429378531,-35.0
step_now,0,0.874381443298969,3.23757182113415,0.7344632768361582,-35.0
step_now,0,0.8844329896907216,3.0577067199600307,0.7288135593220338,-35.0
step_now,0,0.8944845360824741,3.0577067199600307,0.7175141242937854,-35.0
step_now,0,0.9045360824742268,2.877841618785911,0.7062146892655368,-35.0
step_now,0,0.9145876288659793,2.5181114164376726,0.7005649717514124,-40.0
step_now,0,0.9246391752577319,2.338246315263553,0.6779661016949152,-40.0
step_now,0,0.9346907216494844,2.1583812140894336,0.3954802259887006,-35.0
step_now,0,0.9447422680412371,0.0,0.0,
step_now,0,0.9547938144329896,0.0,0.0,
step_now,0,0.9648453608247421,0.0,0.0,
step_now,0,0.9748969072164948,0.0,0.0,
step_now,0,0.9849484536082473,0.0,0.0,
step_now,0,0.995,0.0,0.0,
step_now,120,0.02,60.254808893330015,1.0,55.0
step_now,120,0.030051546391752577,60.254808893330015,1.0,55.0
step_now,120,0.040103092783505156,60.254808893330015,1.0,55.0
step_now,120,0.050154639175257726,59.89507869098178,1.0,55.0
step_now,120,0.06020618556701031,59.71521358980766,1.0,55.0
step_now,120,0.07025773195876288,59.53534848863354,1.0,55.0
step_now,120,0.08030927835051546,59.53534848863354,1.0,55.0
step_now,120,0.09036082474226804,59.1756182862853,1.0,55.0
step_now,120,0.10041237113402061,58.81588808393706,1.0,55.0
step_now,120,0.11046391752577318,58.81588808393706,0.9971751412429378,55.0
step_now,120,0.12051546391752577,58.45615788158882,0.9971751412429378,55.0
step_now,120,0.13056701030927834,58.45615788158882,0.9971751412429378,55.0
step_now,120,0.1406185567010309,58.096427679240584,0.9971751412429378,55.0
step_now,120,0.15067010309278348,57.91656257806646,0.9971751412429378,55.0
step_now,120,0.16072164948453607,57.37696727454411,0.9971751412429378,55.0
step_now,120,0.17077319587628864,57.197102173369984,0.9971751412429378,55.0
step_now,120,0.1808247422680412,56.837371971021746,0.9971751412429378,55.0
step_now,120,0.19087628865979378,56.65750686984763,0.9971751412429378,55.0
step_now,120,0.20092783505154635,55.578316262802915,0.9943502824858758,55.0
step_now,120,0.21097938144329895,55.21858606045467,0.9943502824858758,50.0
step_now,120,0.22103092783505152,54.678990756932315,0.9943502824858758,50.0
step_now,120,0.23108247422680409,54.13939545340995,0.9943502824858758,45.0
step_now,120,0.24113402061855668,53.06020484636524,0.9915254237288136,40.0
step_now,120,0.25118556701030925,52.520609542842884,0.9915254237288136,40.0
step_now,120,0.26123711340206185,51.261553834624046,0.9915254237288136,35.0
step_now,120,0.27128865979381445,50.00249812640521,0.9915254237288136,35.0
step_now,120,0.281340206185567,49.10317262053461,0.9915254237288136,30.0
step_now,120,0.2913917525773196,48.203847114664015,0.9887005649717514,30.0
step_now,120,0.3014432989690722,46.40519610292282,0.9887005649717514,25.0
step_now,120,0.3114948453608247,44.786410192355746,0.9887005649717514,25.0
step_now,120,0.3215463917525773,44.06694978765927,0.9887005649717514,25.0
step_now,120,0.33159793814432986,42.26829877591807,0.9887005649717514,15.0
step_now,120,0.34164948453608246,40.46964776417688,0.9887005649717514,15.0
step_now,120,0.35170103092783506,39.21059205595804,0.9858757062146892,15.0
step_now,120,0.3617525773195876,37.411941044216846,0.9858757062146892,10.0
step_now,120,0.3718041237113402,36.15288533599801,0.9858757062146892,10.0
step_now,120,0.38185567010309274,34.893829627779176,0.9858757062146892,5.0
step_now,120,0.39190721649484533,33.2750437172121,0.9858757062146892,5.0
step_now,120,0.40195876288659793,31.476392705470904,0.9830508474576272,5.0
step_now,120,0.4120103092783505,29.85760679490383,0.9745762711864406,0.0
step_now,120,0.42206185567010307,28.77841618785911,0.9689265536723164,0.0
step_now,120,0.43211340206185567,26.7999000749438,0.9689265536723164,-5.0
step_now,120,0.4421649484536082,25.360979265550842,0.9689265536723164,-5.0
step_now,120,0.4522164948453608,24.281788658506127,0.9661016949152542,-5.0
step_now,120,0.4622680412371134,22.66300274793905,0.9661016949152542,-5.0
step_now,120,0.47231958762886594,21.763677242068454,0.9661016949152542,-5.0
step_now,120,0.48237113402061854,20.864351736197857,0.9661016949152542,-7.5
step_now,120,0.4924226804123711,20.14489133150138,0.9661016949152542,-10.0
step_now,120,0.5024742268041237,19.60529602797902,0.963276836158192,-10.0
step_now,120,0.5125257731958762,19.06570072445666,0.96045197740113,-10.0
step_now,120,0.5225773195876289,17.806645016237827,0.96045197740113,-10.0
step_now,120,0.5326288659793814,17.08718461154135,0.9548022598870056,-10.0
step_now,120,0.542680412371134,16.54758930801899,0.9519774011299436,-10.0
step_now,120,0.5527319587628866,15.648263802148392,0.9491525423728814,-10.0
step_now,120,0.5627835051546392,15.468398700974273,0.9491525423728814,-12.5
step_now,120,0.5728350515463917,14.928803397451915,0.9491525423728814,-15.0
step_now,120,0.5828865979381443,14.029477891581317,0.9463276836158192,-15.0
step_now,120,0.5929381443298969,13.31001748688484,0.943502824858757,-15.0
step_now,120,0.6029896907216494,12.590557082188361,0.943502824858757,-15.0
step_now,120,0.613041237113402,12.050961778666004,0.943502824858757,-15.0
step_now,120,0.6230927835051546,11.691231576317765,0.940677966101695,-15.0
step_now,120,0.6331443298969072,10.791906070447167,0.9322033898305084,-15.0
step_now,120,0.6431958762886597,10.612040969273048,0.923728813559322,-15.0
step_now,120,0.6532474226804124,10.07244566575069,0.923728813559322,-20.0
step_now,120,0.6632989690721649,9.352985261054211,0.9209039548022598,-20.0
step_now,120,0.6733505154639174,8.993255058705973,0.9152542372881356,-20.0
step_now,120,0.6834020618556701,8.813389957531854,0.9067796610169492,-20.0
step_now,120,0.6934536082474226,8.273794654009494,0.9067796610169492,-20.0
step_now,120,0.7035051546391752,8.273794654009494,0.8983050847457628,-20.0
step_now,120,0.7135567010309278,7.914064451661256,0.8954802259887006,-20.0
step_now,120,0.7236082474226804,7.7341993504871365,0.8926553672316384,-20.0
step_now,120,0.7336597938144329,7.194604046964778,0.8926553672316384,-20.0
step_now,120,0.7437113402061855,6.834873844616539,0.8898305084745762,-20.0
step_now,120,0.7537628865979381,6.834873844616539,0.8870056497175142,-25.0
step_now,120,0.7638144329896907,6.295278541094181,0.884180790960452,-25.0
step_now,120,0.7738659793814432,6.295278541094181,0.8813559322033898,-25.0
step_now,120,0.7839175257731958,6.1154134399200615,0.8785310734463276,-25.0
step_now,120,0.7939690721649484,5.216087934049464,0.8728813559322034,-25.0
step_now,120,0.8040206185567009,4.856357731701225,0.867231638418079,-25.0
step_now,120,0.8140721649484536,4.316762428178867,0.864406779661017,-30.0
step_now,120,0.8241237113402061,4.316762428178867,0.8615819209039548,-30.0
step_now,120,0.8341752577319587,4.316762428178867,0.8587570621468926,-30.0
step_now,120,0.8442268041237113,4.136897327004747,0.8502824858757062,-30.0
step_now,120,0.8542783505154639,4.136897327004747,0.8418079096045198,-30.0
step_now,120,0.8643298969072164,3.597302023482389,0.827683615819209,-30.0
step_now,120,0.874381443298969,3.23757182113415,0.807909604519774,-30.0
step_now,120,0.8844329896907216,3.0577067199600307,0.7994350282485876,-35.0
step_now,120,0.8944845360824741,3.0577067199600307,0.7824858757062146,-35.0
step_now,120,0.9045360824742268,2.877841618785911,0.7740112994350282,-37.5
step_now,120,0.9145876288659793,2.5181114164376726,0.7570621468926554,-40.0
step_now,120,0.9246391752577319,2.338246315263553,0.7401129943502824,-40.0
step_now,120,0.9346907216494844,2.1583812140894336,0.4265536723163842,-30.0
step_now,120,0.9447422680412371,0.0,0.0,
step_now,120,0.9547938144329896,0.0,0.0,
step_now,120,0.9648453608247421,0.0,0.0,
step_now,120,0.9748969072164948,0.0,0.0,
step_now,120,0.9849484536082473,0.0,0.0,
step_now,120,0.995,0.0,0.0,
step_now,300,0.02,60.254808893330015,1.0,145.0
step_now,300,0.030051546391752577,60.254808893330015,1.0,145.0
step_now,300,0.040103092783505156,60.254808893330015,1.0,145.0
step_now,300,0.050154639175257726,59.89507869098178,1.0,145.0
step_now,300,0.06020618556701031,59.71521358980766,1.0,145.0
step_now,300,0.07025773195876288,59.53534848863354,1.0,145.0
step_now,300,0.08030927835051546,59.53534848863354,1.0,145.0
step_now,300,0.09036082474226804,59.1756182862853,1.0,145.0
step_now,300,0.10041237113402061,58.81588808393706,1.0,145.0
step_now,300,0.11046391752577318,58.81588808393706,1.0,145.0
step_now,300,0.12051546391752577,58.45615788158882,1.0,145.0
step_now,300,0.13056701030927834,58.45615788158882,1.0,145.0
step_now,300,0.1406185567010309,58.096427679240584,1.0,145.0
step_now,300,0.15067010309278348,57.91656257806646,1.0,145.0
step_now,300,0.16072164948453607,57.37696727454411,1.0,145.0
step_now,300,0.17077319587628864,57.197102173369984,1.0,145.0
step_now,300,0.1808247422680412,56.837371971021746,1.0,145.0
step_now,300,0.19087628865979378,56.65750686984763,1.0,140.0
step_now,300,0.20092783505154635,55.578316262802915,1.0,140.0
step_now,300,0.21097938144329895,55.21858606045467,1.0,135.0
step_now,300,0.22103092783505152,54.678990756932315,0.9971751412429378,135.0
step_now,300,0.23108247422680409,54.13939545340995,0.9971751412429378,135.0
step_now,300,0.24113402061855668,53.06020484636524,0.9971751412429378,130.0
step_now,300,0.25118556701030925,52.520609542842884,0.9971751412429378,130.0
step_now,300,0.26123711340206185,51.261553834624046,0.9971751412429378,125.0
step_now,300,0.27128865979381445,50.00249812640521,0.9971751412429378,125.0
step_now,300,0.281340206185567,49.10317262053461,0.9971751412429378,125.0
step_now,300,0.2913917525773196,48.203847114664015,0.9971751412429378,120.0
step_now,300,0.3014432989690722,46.40519610292282,0.9943502824858758,120.0
step_now,300,0.3114948453608247,44.786410192355746,0.9943502824858758,115.0
step_now,300,0.3215463917525773,44.06694978765927,0.9943502824858758,110.0
step_now,300,0.33159793814432986,42.26829877591807,0.9943502824858758,110.0
step_now,300,0.34164948453608246,40.46964776417688,0.9943502824858758,105.0
step_now,300,0.35170103092783506,39.21059205595804,0.9943502824858758,105.0
step_now,300,0.3617525773195876,37.411941044216846,0.9943502824858758,100.0
step_now,300,0.3718041237113402,36.15288533599801,0.9943502824858758,95.0
step_now,300,0.38185567010309274,34.893829627779176,0.9915254237288136,90.0
step_now,300,0.39190721649484533,33.2750437172121,0.9858757062146892,90.0
step_now,300,0.40195876288659793,31.476392705470904,0.9858757062146892,85.0
step_now,300,0.4120103092783505,29.85760679490383,0.9858757062146892,85.0
step_now,300,0.42206185567010307,28.77841618785911,0.9858757062146892,80.0
step_now,300,0.43211340206185567,26.7999000749438,0.9858757062146892,80.0
step_now,300,0.4421649484536082,25.360979265550842,0.9858757062146892,75.0
step_now,300,0.4522164948453608,24.281788658506127,0.9858757062146892,70.0
step_now,300,0.4622680412371134,22.66300274793905,0.9830508474576272,65.0
step_now,300,0.47231958762886594,21.763677242068454,0.9830508474576272,65.0
step_now,300,0.48237113402061854,20.864351736197857,0.9830508474576272,65.0
step_now,300,0.4924226804123711,20.14489133150138,0.980225988700565,65.0
step_now,300,0.5024742268041237,19.60529602797902,0.9745762711864406,60.0
step_now,300,0.5125257731958762,19.06570072445666,0.9745762711864406,60.0
step_now,300,0.5225773195876289,17.806645016237827,0.9689265536723164,60.0
step_now,300,0.5326288659793814,17.08718461154135,0.9689265536723164,55.0
step_now,300,0.542680412371134,16.54758930801899,0.9689265536723164,50.0
step_now,300,0.5527319587628866,15.648263802148392,0.9661016949152542,50.0
step_now,300,0.5627835051546392,15.468398700974273,0.9661016949152542,45.0
step_now,300,0.5728350515463917,14.928803397451915,0.9661016949152542,45.0
step_now,300,0.5828865979381443,14.029477891581317,0.9661016949152542,40.0
step_now,300,0.5929381443298969,13.31001748688484,0.9661016949152542,32.5
step_now,300,0.6029896907216494,12.590557082188361,0.9661016949152542,25.0
step_now,300,0.613041237113402,12.050961778666004,0.963276836158192,25.0
step_now,300,0.6230927835051546,11.691231576317765,0.963276836158192,25.0
step_now,300,0.6331443298969072,10.791906070447167,0.96045197740113,25.0
step_now,300,0.6431958762886597,10.612040969273048,0.96045197740113,22.5
step_now,300,0.6532474226804124,10.07244566575069,0.9576271186440678,20.0
step_now,300,0.6632989690721649,9.352985261054211,0.9548022598870056,20.0
step_now,300,0.6733505154639174,8.993255058705973,0.9491525423728814,20.0
step_now,300,0.6834020618556701,8.813389957531854,0.9350282485875706,20.0
step_now,300,0.6934536082474226,8.273794654009494,0.9293785310734464,20.0
step_now,300,0.7035051546391752,8.273794654009494,0.923728813559322,20.0
step_now,300,0.7135567010309278,7.914064451661256,0.9180790960451978,15.0
step_now,300,0.7236082474226804,7.7341993504871365,0.9124293785310734,15.0
step_now,300,0.7336597938144329,7.194604046964778,0.9096045197740112,15.0
step_now,300,0.7437113402061855,6.834873844616539,0.9011299435028248,10.0
step_now,300,0.7537628865979381,6.834873844616539,0.9011299435028248,10.0
step_now,300,0.7638144329896907,6.295278541094181,0.8983050847457628,10.0
step_now,300,0.7738659793814432,6.295278541094181,0.8983050847457628,10.0
step_now,300,0.7839175257731958,6.1154134399200615,0.8926553672316384,7.5
step_now,300,0.7939690721649484,5.216087934049464,0.884180790960452,5.0
step_now,300,0.8040206185567009,4.856357731701225,0.8785310734463276,5.0
step_now,300,0.8140721649484536,4.316762428178867,0.8728813559322034,5.0
step_now,300,0.8241237113402061,4.316762428178867,0.8700564971751412,0.0
step_now,300,0.8341752577319587,4.316762428178867,0.864406779661017,0.0
step_now,300,0.8442268041237113,4.136897327004747,0.8587570621468926,0.0
step_now,300,0.8542783505154639,4.136897327004747,0.8587570621468926,0.0
step_now,300,0.8643298969072164,3.597302023482389,0.8587570621468926,0.0
step_now,300,0.874381443298969,3.23757182113415,0.8502824858757062,-5.0
step_now,300,0.8844329896907216,3.0577067199600307,0.8389830508474576,-5.0
step_now,300,0.8944845360824741,3.0577067199600307,0.8220338983050848,-5.0
step_now,300,0.9045360824742268,2.877841618785911,0.8050847457627118,-5.0
step_now,300,0.9145876288659793,2.5181114164376726,0.7994350282485876,-10.0
step_now,300,0.9246391752577319,2.338246315263553,0.7796610169491526,-10.0
step_now,300,0.9346907216494844,2.1583812140894336,0.4491525423728814,10.0
step_now,300,0.9447422680412371,0.0,0.0,
step_now,300,0.9547938144329896,0.0,0.0,
step_now,300,0.9648453608247421,0.0,0.0,
step_now,300,0.9748969072164948,0.0,0.0,
step_now,300,0.9849484536082473,0.0,0.0,
step_now,300,0.995,0.0,0.0,
step_now,600,0.02,60.254808893330015,1.0,295.0
step_now,600,0.030051546391752577,60.254808893330015,1.0,295.0
step_now,600,0.040103092783505156,60.254808893330015,1.0,295.0
step_now,600,0.050154639175257726,59.89507869098178,1.0,295.0
step_now,600,0.06020618556701031,59.71521358980766,1.0,295.0
step_now,600,0.07025773195876288,59.53534848863354,1.0,295.0
step_now,600,0.08030927835051546,59.53534848863354,1.0,295.0
step_now,600,0.09036082474226804,59.1756182862853,1.0,295.0
step_now,600,0.10041237113402061,58.81588808393706,1.0,295.0
step_now,600,0.11046391752577318,58.81588808393706,1.0,295.0
step_now,600,0.12051546391752577,58.45615788158882,1.0,295.0
step_now,600,0.13056701030927834,58.45615788158882,1.0,295.0
step_now,600,0.1406185567010309,58.096427679240584,1.0,295.0
step_now,600,0.15067010309278348,57.91656257806646,1.0,295.0
step_now,600,0.16072164948453607,57.37696727454411,1.0,295.0
step_now,600,0.17077319587628864,57.197102173369984,1.0,295.0
step_now,600,0.1808247422680412,56.837371971021746,1.0,295.0
step_now,600,0.19087628865979378,56.65750686984763,1.0,295.0
step_now,600,0.20092783505154635,55.578316262802915,1.0,295.0
step_now,600,0.21097938144329895,55.21858606045467,1.0,290.0
step_now,600,0.22103092783505152,54.678990756932315,1.0,285.0
step_now,600,0.23108247422680409,54.13939545340995,1.0,285.0
step_now,600,0.24113402061855668,53.06020484636524,1.0,280.0
step_now,600,0.25118556701030925,52.520609542842884,1.0,280.0
step_now,600,0.26123711340206185,51.261553834624046,1.0,275.0
step_now,600,0.27128865979381445,50.00249812640521,1.0,275.0
step_now,600,0.281340206185567,49.10317262053461,1.0,270.0
step_now,600,0.2913917525773196,48.203847114664015,1.0,270.0
step_now,600,0.3014432989690722,46.40519610292282,1.0,265.0
step_now,600,0.3114948453608247,44.786410192355746,1.0,260.0
step_now,600,0.3215463917525773,44.06694978765927,1.0,260.0
step_now,600,0.33159793814432986,42.26829877591807,1.0,260.0
step_now,600,0.34164948453608246,40.46964776417688,1.0,255.0
step_now,600,0.35170103092783506,39.21059205595804,1.0,250.0
step_now,600,0.3617525773195876,37.411941044216846,1.0,245.0
step_now,600,0.3718041237113402,36.15288533599801,1.0,240.0
step_now,600,0.38185567010309274,34.893829627779176,1.0,240.0
step_now,600,0.39190721649484533,33.2750437172121,1.0,230.0
step_now,600,0.40195876288659793,31.476392705470904,1.0,225.0
step_now,600,0.4120103092783505,29.85760679490383,0.9971751412429378,220.0
step_now,600,0.42206185567010307,28.77841618785911,0.9971751412429378,220.0
step_now,600,0.43211340206185567,26.7999000749438,0.9971751412429378,205.0
step_now,600,0.4421649484536082,25.360979265550842,0.9971751412429378,205.0
step_now,600,0.4522164948453608,24.281788658506127,0.9971751412429378,195.0
step_now,600,0.4622680412371134,22.66300274793905,0.9971751412429378,190.0
step_now,600,0.47231958762886594,21.763677242068454,0.9971751412429378,190.0
step_now,600,0.48237113402061854,20.864351736197857,0.9971751412429378,185.0
step_now,600,0.4924226804123711,20.14489133150138,0.9943502824858758,180.0
step_now,600,0.5024742268041237,19.60529602797902,0.9887005649717514,180.0
step_now,600,0.5125257731958762,19.06570072445666,0.9887005649717514,175.0
step_now,600,0.5225773195876289,17.806645016237827,0.9887005649717514,170.0
step_now,600,0.5326288659793814,17.08718461154135,0.9858757062146892,165.0
step_now,600,0.542680412371134,16.54758930801899,0.9830508474576272,165.0
step_now,600,0.5527319587628866,15.648263802148392,0.9774011299435028,165.0
step_now,600,0.5627835051546392,15.468398700974273,0.9774011299435028,160.0
step_now,600,0.5728350515463917,14.928803397451915,0.9774011299435028,160.0
step_now,600,0.5828865979381443,14.029477891581317,0.9774011299435028,155.0
step_now,600,0.5929381443298969,13.31001748688484,0.9774011299435028,152.5
step_now,600,0.6029896907216494,12.590557082188361,0.9774011299435028,150.0
step_now,600,0.613041237113402,12.050961778666004,0.9774011299435028,150.0
step_now,600,0.6230927835051546,11.691231576317765,0.9774011299435028,150.0
step_now,600,0.6331443298969072,10.791906070447167,0.9745762711864406,150.0
step_now,600,0.6431958762886597,10.612040969273048,0.9745762711864406,145.0
step_now,600,0.6532474226804124,10.07244566575069,0.9745762711864406,145.0
step_now,600,0.6632989690721649,9.352985261054211,0.9689265536723164,145.0
step_now,600,0.6733505154639174,8.993255058705973,0.96045197740113,137.5
step_now,600,0.6834020618556701,8.813389957531854,0.9576271186440678,135.0
step_now,600,0.6934536082474226,8.273794654009494,0.9576271186440678,135.0
step_now,600,0.7035051546391752,8.273794654009494,0.9576271186440678,130.0
step_now,600,0.7135567010309278,7.914064451661256,0.9548022598870056,125.0
step_now,600,0.7236082474226804,7.7341993504871365,0.9491525423728814,120.0
step_now,600,0.7336597938144329,7.194604046964778,0.943502824858757,120.0
step_now,600,0.7437113402061855,6.834873844616539,0.940677966101695,120.0
step_now,600,0.7537628865979381,6.834873844616539,0.940677966101695,115.0
step_now,600,0.7638144329896907,6.295278541094181,0.9322033898305084,110.0
step_now,600,0.7738659793814432,6.295278541094181,0.9293785310734464,100.0
step_now,600,0.7839175257731958,6.1154134399200615,0.923728813559322,100.0
step_now,600,0.7939690721649484,5.216087934049464,0.9209039548022598,95.0
step_now,600,0.8040206185567009,4.856357731701225,0.9209039548022598,95.0
step_now,600,0.8140721649484536,4.316762428178867,0.9209039548022598,85.0
step_now,600,0.8241237113402061,4.316762428178867,0.9209039548022598,82.5
step_now,600,0.8341752577319587,4.316762428178867,0.9180790960451978,75.0
step_now,600,0.8442268041237113,4.136897327004747,0.903954802259887,70.0
step_now,600,0.8542783505154639,4.136897327004747,0.8983050847457628,65.0
step_now,600,0.8643298969072164,3.597302023482389,0.8870056497175142,60.0
step_now,600,0.874381443298969,3.23757182113415,0.8813559322033898,57.5
step_now,600,0.8844329896907216,3.0577067199600307,0.8728813559322034,55.0
step_now,600,0.8944845360824741,3.0577067199600307,0.8615819209039548,50.0
step_now,600,0.9045360824742268,2.877841618785911,0.8559322033898306,45.0
step_now,600,0.9145876288659793,2.5181114164376726,0.844632768361582,45.0
step_now,600,0.9246391752577319,2.338246315263553,0.8248587570621468,40.0
step_now,600,0.9346907216494844,2.1583812140894336,0.480225988700565,65.0
step_now,600,0.9447422680412371,0.0,0.0,
step_now,600,0.9547938144329896,0.0,0.0,
step_now,600,0.9648453608247421,0.0,0.0,
step_now,600,0.9748969072164948,0.0,0.0,
step_now,600,0.9849484536082473,0.0,0.0,
step_now,600,0.995,0.0,0.0,
fused_mean,0,0.02,60.254808893330015,1.0,-5.0
fused_mean,0,0.030051546391752577,60.254808893330015,1.0,-5.0
fused_mean,0,0.040103092783505156,60.254808893330015,1.0,-5.0
fused_mean,0,0.050154639175257726,60.254808893330015,1.0,-5.0
fused_mean,0,0.06020618556701031,60.254808893330015,1.0,-5.0
fused_mean,0,0.07025773195876288,60.254808893330015,1.0,-5.0
fused_mean,0,0.08030927835051546,60.254808893330015,1.0,-5.0
fused_mean,0,0.09036082474226804,60.254808893330015,1.0,-5.0
fused_mean,0,0.10041237113402061,60.254808893330015,1.0,-5.0
fused_mean,0,0.11046391752577318,60.254808893330015,1.0,-5.0
fused_mean,0,0.12051546391752577,60.254808893330015,1.0,-5.0
fused_mean,0,0.13056701030927834,59.89507869098178,1.0,-5.0
fused_mean,0,0.1406185567010309,59.53534848863354,1.0,-5.0
fused_mean,0,0.15067010309278348,59.1756182862853,1.0,-5.0
fused_mean,0,0.16072164948453607,58.995753185111184,1.0,-5.0
fused_mean,0,0.17077319587628864,58.2762927804147,1.0,-5.0
fused_mean,0,0.1808247422680412,57.55683237571822,1.0,-5.0
fused_mean,0,0.19087628865979378,55.75818136397703,1.0,-5.0
fused_mean,0,0.20092783505154635,53.95953035223584,1.0,-5.0
fused_mean,0,0.21097938144329895,53.24006994753936,1.0,-5.0
fused_mean,0,0.22103092783505152,49.82263302523109,1.0,-10.0
fused_mean,0,0.23108247422680409,48.02398201348989,1.0,-10.0
fused_mean,0,0.24113402061855668,46.04546590057458,1.0,-10.0
fused_mean,0,0.25118556701030925,44.246814888833384,1.0,-15.0
fused_mean,0,0.26123711340206185,42.44816387709219,1.0,-15.0
fused_mean,0,0.27128865979381445,39.03072695478392,1.0,-15.0
fused_mean,0,0.281340206185567,37.59180614539097,0.9943502824858758,-15.0
fused_mean,0,0.2913917525773196,35.97302023482389,0.9943502824858758,-15.0
fused_mean,0,0.3014432989690722,34.53409942543094,0.9943502824858758,-15.0
fused_mean,0,0.3114948453608247,32.91531351486386,0.9943502824858758,-15.0
fused_mean,0,0.3215463917525773,30.756932300774427,0.9887005649717514,-15.0
fused_mean,0,0.33159793814432986,28.95828128903323,0.9887005649717514,-15.0
fused_mean,0,0.34164948453608246,27.159630277292038,0.9887005649717514,-20.0
fused_mean,0,0.35170103092783506,25.72070946789908,0.9830508474576272,-20.0
fused_mean,0,0.3617525773195876,24.641518860854365,0.9717514124293786,-20.0
fused_mean,0,0.3718041237113402,23.922058456157888,0.9717514124293786,-20.0
fused_mean,0,0.38185567010309274,23.20259805146141,0.9661016949152542,-20.0
fused_mean,0,0.39190721649484533,22.123407444416692,0.96045197740113,-20.0
fused_mean,0,0.40195876288659793,20.684486635023738,0.9548022598870056,-20.0
fused_mean,0,0.4120103092783505,19.965026230327258,0.9378531073446328,-20.0
fused_mean,0,0.42206185567010307,19.06570072445666,0.9265536723163842,-20.0
fused_mean,0,0.43211340206185567,17.986510117411946,0.9209039548022598,-20.0
fused_mean,0,0.4421649484536082,17.08718461154135,0.9096045197740112,-25.0
fused_mean,0,0.4522164948453608,16.18785910567075,0.9096045197740112,-25.0
fused_mean,0,0.4622680412371134,15.648263802148392,0.8983050847457628,-25.0
fused_mean,0,0.47231958762886594,14.748938296277796,0.8983050847457628,-25.0
fused_mean,0,0.48237113402061854,14.569073195103675,0.8870056497175142,-25.0
fused_mean,0,0.4924226804123711,13.669747689233079,0.8813559322033898,-22.5
fused_mean,0,0.5024742268041237,13.31001748688484,0.8700564971751412,-20.0
fused_mean,0,0.5125257731958762,12.590557082188361,0.864406779661017,-20.0
fused_mean,0,0.5225773195876289,12.410691981014242,0.8531073446327684,-25.0
fused_mean,0,0.5326288659793814,11.871096677491884,0.847457627118644,-25.0
fused_mean,0,0.542680412371134,11.151636272795406,0.8361581920903954,-25.0
fused_mean,0,0.5527319587628866,10.25231076692481,0.8361581920903954,-25.0
fused_mean,0,0.5627835051546392,10.07244566575069,0.8248587570621468,-25.0
fused_mean,0,0.5728350515463917,9.71271546340245,0.8248587570621468,-25.0
fused_mean,0,0.5828865979381443,8.813389957531854,0.807909604519774,-25.0
fused_mean,0,0.5929381443298969,8.273794654009494,0.807909604519774,-25.0
fused_mean,0,0.6029896907216494,8.093929552835375,0.8022598870056498,-27.5
fused_mean,0,0.613041237113402,7.7341993504871365,0.7796610169491526,-25.0
fused_mean,0,0.6230927835051546,7.374469148138898,0.7796610169491526,-30.0
fused_mean,0,0.6331443298969072,6.4751436422683,0.7740112994350282,-30.0
fused_mean,0,0.6431958762886597,6.295278541094181,0.7627118644067796,-30.0
fused_mean,0,0.6532474226804124,6.295278541094181,0.751412429378531,-30.0
fused_mean,0,0.6632989690721649,5.935548338745942,0.7570621468926554,-30.0
fused_mean,0,0.6733505154639174,5.755683237571822,0.751412429378531,-30.0
fused_mean,0,0.6834020618556701,5.036222832875345,0.7401129943502824,-30.0
fused_mean,0,0.6934536082474226,4.856357731701225,0.7344632768361582,-30.0
fused_mean,0,0.7035051546391752,4.676492630527106,0.7175141242937854,-30.0
fused_mean,0,0.7135567010309278,4.316762428178867,0.6892655367231638,-30.0
fused_mean,0,0.7236082474226804,4.316762428178867,0.6892655367231638,-30.0
fused_mean,0,0.7336597938144329,3.0577067199600307,0.6892655367231638,-30.0
fused_mean,0,0.7437113402061855,2.697976517611792,0.6892655367231638,-30.0
fused_mean,0,0.7537628865979381,2.697976517611792,0.6666666666666666,-32.5
fused_mean,0,0.7638144329896907,2.338246315263553,0.6610169491525424,-35.0
fused_mean,0,0.7738659793814432,1.978516112915314,0.6497175141242938,-35.0
fused_mean,0,0.7839175257731958,1.978516112915314,0.6497175141242938,-35.0
fused_mean,0,0.7939690721649484,1.978516112915314,0.6384180790960452,-35.0
fused_mean,0,0.8040206185567009,1.7986510117411945,0.6214689265536724,-35.0
fused_mean,0,0.8140721649484536,1.618785910567075,0.6101694915254238,-35.0
fused_mean,0,0.8241237113402061,1.2590557082188363,0.6045197740112994,-35.0
fused_mean,0,0.8341752577319587,0.8993255058705972,0.5988700564971752,-40.0
fused_mean,0,0.8442268041237113,0.8993255058705972,0.5875706214689266,-40.0
fused_mean,0,0.8542783505154639,0.8993255058705972,0.5706214689265536,-40.0
fused_mean,0,0.8643298969072164,0.7194604046964778,0.5706214689265536,-40.0
fused_mean,0,0.874381443298969,0.5395953035223584,0.5649717514124294,-40.0
fused_mean,0,0.8844329896907216,0.5395953035223584,0.5536723163841808,-40.0
fused_mean,0,0.8944845360824741,0.5395953035223584,0.5480225988700564,-45.0
fused_mean,0,0.9045360824742268,0.3597302023482389,0.5310734463276836,-45.0
fused_mean,0,0.9145876288659793,0.3597302023482389,0.5084745762711864,-40.0
fused_mean,0,0.9246391752577319,0.3597302023482389,0.4915254237288136,-45.0
fused_mean,0,0.9346907216494844,0.3597302023482389,0.4689265536723164,-45.0
fused_mean,0,0.9447422680412371,0.17986510117411944,0.423728813559322,-45.0
fused_mean,0,0.9547938144329896,0.17986510117411944,0.3954802259887006,-50.0
fused_mean,0,0.9648453608247421,0.17986510117411944,0.3163841807909605,-50.0
fused_mean,0,0.9748969072164948,0.17986510117411944,0.1016949152542373,-45.0
fused_mean,0,0.9849484536082473,0.0,0.0,
fused_mean,0,0.995,0.0,0.0,
fused_mean,120,0.02,60.254808893330015,1.0,55.0
fused_mean,120,0.030051546391752577,60.254808893330015,1.0,55.0
fused_mean,120,0.040103092783505156,60.254808893330015,1.0,55.0
fused_mean,120,0.050154639175257726,60.254808893330015,1.0,55.0
fused_mean,120,0.06020618556701031,60.254808893330015,1.0,55.0
fused_mean,120,0.07025773195876288,60.254808893330015,1.0,55.0
fused_mean,120,0.08030927835051546,60.254808893330015,1.0,55.0
fused_mean,120,0.09036082474226804,60.254808893330015,1.0,55.0
fused_mean,120,0.10041237113402061,60.254808893330015,1.0,55.0
fused_mean,120,0.11046391752577318,60.254808893330015,1.0,55.0
fused_mean,120,0.12051546391752577,60.254808893330015,1.0,55.0
fused_mean,120,0.13056701030927834,59.89507869098178,1.0,55.0
fused_mean,120,0.1406185567010309,59.53534848863354,1.0,55.0
fused_mean,120,0.15067010309278348,59.1756182862853,1.0,55.0
fused_mean,120,0.16072164948453607,58.995753185111184,1.0,55.0
fused_mean,120,0.17077319587628864,58.2762927804147,1.0,55.0
fused_mean,120,0.1808247422680412,57.55683237571822,1.0,55.0
fused_mean,120,0.19087628865979378,55.75818136397703,1.0,55.0
fused_mean,120,0.20092783505154635,53.95953035223584,1.0,55.0
fused_mean,120,0.21097938144329895,53.24006994753936,1.0,50.0
fused_mean,120,0.22103092783505152,49.82263302523109,1.0,45.0
fused_mean,120,0.23108247422680409,48.02398201348989,1.0,40.0
fused_mean,120,0.24113402061855668,46.04546590057458,1.0,35.0
fused_mean,120,0.25118556701030925,44.246814888833384,1.0,30.0
fused_mean,120,0.26123711340206185,42.44816387709219,0.9971751412429378,30.0
fused_mean,120,0.27128865979381445,39.03072695478392,0.9971751412429378,20.0
fused_mean,120,0.281340206185567,37.59180614539097,0.9971751412429378,15.0
fused_mean,120,0.2913917525773196,35.97302023482389,0.9943502824858758,15.0
fused_mean,120,0.3014432989690722,34.53409942543094,0.9915254237288136,10.0
fused_mean,120,0.3114948453608247,32.91531351486386,0.9830508474576272,10.0
fused_mean,120,0.3215463917525773,30.756932300774427,0.980225988700565,10.0
fused_mean,120,0.33159793814432986,28.95828128903323,0.9774011299435028,5.0
fused_mean,120,0.34164948453608246,27.159630277292038,0.9774011299435028,5.0
fused_mean,120,0.35170103092783506,25.72070946789908,0.9774011299435028,0.0
fused_mean,120,0.3617525773195876,24.641518860854365,0.980225988700565,0.0
fused_mean,120,0.3718041237113402,23.922058456157888,0.9717514124293786,0.0
fused_mean,120,0.38185567010309274,23.20259805146141,0.9661016949152542,-5.0
fused_mean,120,0.39190721649484533,22.123407444416692,0.963276836158192,-5.0
fused_mean,120,0.40195876288659793,20.684486635023738,0.9519774011299436,-10.0
fused_mean,120,0.4120103092783505,19.965026230327258,0.940677966101695,-5.0
fused_mean,120,0.42206185567010307,19.06570072445666,0.9350282485875706,-10.0
fused_mean,120,0.43211340206185567,17.986510117411946,0.9293785310734464,-10.0
fused_mean,120,0.4421649484536082,17.08718461154135,0.9265536723163842,-10.0
fused_mean,120,0.4522164948453608,16.18785910567075,0.9209039548022598,-15.0
fused_mean,120,0.4622680412371134,15.648263802148392,0.9124293785310734,-15.0
fused_mean,120,0.47231958762886594,14.748938296277796,0.9067796610169492,-15.0
fused_mean,120,0.48237113402061854,14.569073195103675,0.903954802259887,-17.5
fused_mean,120,0.4924226804123711,13.669747689233079,0.903954802259887,-20.0
fused_mean,120,0.5024742268041237,13.31001748688484,0.8983050847457628,-20.0
fused_mean,120,0.5125257731958762,12.590557082188361,0.8926553672316384,-20.0
fused_mean,120,0.5225773195876289,12.410691981014242,0.8870056497175142,-20.0
fused_mean,120,0.5326288659793814,11.871096677491884,0.8757062146892656,-20.0
fused_mean,120,0.542680412371134,11.151636272795406,0.8785310734463276,-20.0
fused_mean,120,0.5527319587628866,10.25231076692481,0.8728813559322034,-20.0
fused_mean,120,0.5627835051546392,10.07244566575069,0.8700564971751412,-20.0
fused_mean,120,0.5728350515463917,9.71271546340245,0.867231638418079,-25.0
fused_mean,120,0.5828865979381443,8.813389957531854,0.8587570621468926,-25.0
fused_mean,120,0.5929381443298969,8.273794654009494,0.8559322033898306,-25.0
fused_mean,120,0.6029896907216494,8.093929552835375,0.8531073446327684,-25.0
fused_mean,120,0.613041237113402,7.7341993504871365,0.847457627118644,-25.0
fused_mean,120,0.6230927835051546,7.374469148138898,0.827683615819209,-25.0
fused_mean,120,0.6331443298969072,6.4751436422683,0.8220338983050848,-25.0
fused_mean,120,0.6431958762886597,6.295278541094181,0.8163841807909604,-25.0
fused_mean,120,0.6532474226804124,6.295278541094181,0.807909604519774,-30.0
fused_mean,120,0.6632989690721649,5.935548338745942,0.8050847457627118,-30.0
fused_mean,120,0.6733505154639174,5.755683237571822,0.8050847457627118,-30.0
fused_mean,120,0.6834020618556701,5.036222832875345,0.7994350282485876,-30.0
fused_mean,120,0.6934536082474226,4.856357731701225,0.788135593220339,-30.0
fused_mean,120,0.7035051546391752,4.676492630527106,0.7824858757062146,-30.0
fused_mean,120,0.7135567010309278,4.316762428178867,0.7711864406779662,-35.0
fused_mean,120,0.7236082474226804,4.316762428178867,0.7570621468926554,-35.0
fused_mean,120,0.7336597938144329,3.0577067199600307,0.748587570621469,-35.0
fused_mean,120,0.7437113402061855,2.697976517611792,0.7372881355932204,-35.0
fused_mean,120,0.7537628865979381,2.697976517611792,0.7231638418079096,-35.0
fused_mean,120,0.7638144329896907,2.338246315263553,0.7033898305084746,-35.0
fused_mean,120,0.7738659793814432,1.978516112915314,0.6949152542372882,-35.0
fused_mean,120,0.7839175257731958,1.978516112915314,0.6779661016949152,-35.0
fused_mean,120,0.7939690721649484,1.978516112915314,0.6666666666666666,-35.0
fused_mean,120,0.8040206185567009,1.7986510117411945,0.652542372881356,-40.0
fused_mean,120,0.8140721649484536,1.618785910567075,0.6440677966101694,-40.0
fused_mean,120,0.8241237113402061,1.2590557082188363,0.6299435028248588,-40.0
fused_mean,120,0.8341752577319587,0.8993255058705972,0.6271186440677966,-40.0
fused_mean,120,0.8442268041237113,0.8993255058705972,0.6186440677966102,-40.0
fused_mean,120,0.8542783505154639,0.8993255058705972,0.6073446327683616,-45.0
fused_mean,120,0.8643298969072164,0.7194604046964778,0.5932203389830508,-45.0
fused_mean,120,0.874381443298969,0.5395953035223584,0.5875706214689266,-45.0
fused_mean,120,0.8844329896907216,0.5395953035223584,0.576271186440678,-45.0
fused_mean,120,0.8944845360824741,0.5395953035223584,0.5508474576271186,-45.0
fused_mean,120,0.9045360824742268,0.3597302023482389,0.5423728813559322,-45.0
fused_mean,120,0.9145876288659793,0.3597302023482389,0.5254237288135594,-45.0
fused_mean,120,0.9246391752577319,0.3597302023482389,0.5084745762711864,-50.0
fused_mean,120,0.9346907216494844,0.3597302023482389,0.4774011299435028,-50.0
fused_mean,120,0.9447422680412371,0.17986510117411944,0.4463276836158192,-50.0
fused_mean,120,0.9547938144329896,0.17986510117411944,0.4152542372881356,-55.0
fused_mean,120,0.9648453608247421,0.17986510117411944,0.3361581920903955,-60.0
fused_mean,120,0.9748969072164948,0.17986510117411944,0.10734463276836158,-65.0
fused_mean,120,0.9849484536082473,0.0,0.0,
fused_mean,120,0.995,0.0,0.0,
fused_mean,300,0.02,60.254808893330015,1.0,145.0
fused_mean,300,0.030051546391752577,60.254808893330015,1.0,145.0
fused_mean,300,0.040103092783505156,60.254808893330015,1.0,145.0
fused_mean,300,0.050154639175257726,60.254808893330015,1.0,145.0
fused_mean,300,0.06020618556701031,60.254808893330015,1.0,145.0
fused_mean,300,0.07025773195876288,60.254808893330015,1.0,145.0
fused_mean,300,0.08030927835051546,60.254808893330015,1.0,145.0
fused_mean,300,0.09036082474226804,60.254808893330015,1.0,145.0
fused_mean,300,0.10041237113402061,60.254808893330015,1.0,145.0
fused_mean,300,0.11046391752577318,60.254808893330015,1.0,145.0
fused_mean,300,0.12051546391752577,60.254808893330015,1.0,145.0
fused_mean,300,0.13056701030927834,59.89507869098178,1.0,145.0
fused_mean,300,0.1406185567010309,59.53534848863354,1.0,145.0
fused_mean,300,0.15067010309278348,59.1756182862853,1.0,145.0
fused_mean,300,0.16072164948453607,58.995753185111184,1.0,145.0
fused_mean,300,0.17077319587628864,58.2762927804147,1.0,145.0
fused_mean,300,0.1808247422680412,57.55683237571822,1.0,145.0
fused_mean,300,0.19087628865979378,55.75818136397703,1.0,145.0
fused_mean,300,0.20092783505154635,53.95953035223584,1.0,145.0
fused_mean,300,0.21097938144329895,53.24006994753936,1.0,137.5
fused_mean,300,0.22103092783505152,49.82263302523109,1.0,135.0
fused_mean,300,0.23108247422680409,48.02398201348989,1.0,130.0
fused_mean,300,0.24113402061855668,46.04546590057458,1.0,120.0
fused_mean,300,0.25118556701030925,44.246814888833384,1.0,115.0
fused_mean,300,0.26123711340206185,42.44816387709219,0.9971751412429378,110.0
fused_mean,300,0.27128865979381445,39.03072695478392,0.9971751412429378,105.0
fused_mean,300,0.281340206185567,37.59180614539097,0.9943502824858758,100.0
fused_mean,300,0.2913917525773196,35.97302023482389,0.9915254237288136,95.0
fused_mean,300,0.3014432989690722,34.53409942543094,0.9915254237288136,95.0
fused_mean,300,0.3114948453608247,32.91531351486386,0.9915254237288136,85.0
fused_mean,300,0.3215463917525773,30.756932300774427,0.9887005649717514,80.0
fused_mean,300,0.33159793814432986,28.95828128903323,0.980225988700565,80.0
fused_mean,300,0.34164948453608246,27.159630277292038,0.980225988700565,75.0
fused_mean,300,0.35170103092783506,25.72070946789908,0.9717514124293786,72.5
fused_mean,300,0.3617525773195876,24.641518860854365,0.9717514124293786,67.5
fused_mean,300,0.3718041237113402,23.922058456157888,0.9717514124293786,65.0
fused_mean,300,0.38185567010309274,23.20259805146141,0.9717514124293786,60.0
fused_mean,300,0.39190721649484533,22.123407444416692,0.9689265536723164,60.0
fused_mean,300,0.40195876288659793,20.684486635023738,0.9689265536723164,60.0
fused_mean,300,0.4120103092783505,19.965026230327258,0.9661016949152542,50.0
fused_mean,300,0.42206185567010307,19.06570072445666,0.9548022598870056,50.0
fused_mean,300,0.43211340206185567,17.986510117411946,0.9463276836158192,50.0
fused_mean,300,0.4421649484536082,17.08718461154135,0.9463276836158192,45.0
fused_mean,300,0.4522164948453608,16.18785910567075,0.9463276836158192,40.0
fused_mean,300,0.4622680412371134,15.648263802148392,0.943502824858757,40.0
fused_mean,300,0.47231958762886594,14.748938296277796,0.940677966101695,40.0
fused_mean,300,0.48237113402061854,14.569073195103675,0.9378531073446328,35.0
fused_mean,300,0.4924226804123711,13.669747689233079,0.9378531073446328,30.0
fused_mean,300,0.5024742268041237,13.31001748688484,0.9265536723163842,30.0
fused_mean,300,0.5125257731958762,12.590557082188361,0.9209039548022598,25.0
fused_mean,300,0.5225773195876289,12.410691981014242,0.9152542372881356,20.0
fused_mean,300,0.5326288659793814,11.871096677491884,0.903954802259887,20.0
fused_mean,300,0.542680412371134,11.151636272795406,0.8926553672316384,15.0
fused_mean,300,0.5527319587628866,10.25231076692481,0.8898305084745762,15.0
fused_mean,300,0.5627835051546392,10.07244566575069,0.884180790960452,15.0
fused_mean,300,0.5728350515463917,9.71271546340245,0.8757062146892656,15.0
fused_mean,300,0.5828865979381443,8.813389957531854,0.8757062146892656,15.0
fused_mean,300,0.5929381443298969,8.273794654009494,0.8700564971751412,10.0
fused_mean,300,0.6029896907216494,8.093929552835375,0.8700564971751412,5.0
fused_mean,300,0.613041237113402,7.7341993504871365,0.864406779661017,5.0
fused_mean,300,0.6230927835051546,7.374469148138898,0.8587570621468926,0.0
fused_mean,300,0.6331443298969072,6.4751436422683,0.8531073446327684,-2.5
fused_mean,300,0.6431958762886597,6.295278541094181,0.8502824858757062,-5.0
fused_mean,300,0.6532474226804124,6.295278541094181,0.844632768361582,-5.0
fused_mean,300,0.6632989690721649,5.935548338745942,0.8333333333333334,-10.0
fused_mean,300,0.6733505154639174,5.755683237571822,0.827683615819209,-15.0
fused_mean,300,0.6834020618556701,5.036222832875345,0.8248587570621468,-15.0
fused_mean,300,0.6934536082474226,4.856357731701225,0.8192090395480226,-15.0
fused_mean,300,0.7035051546391752,4.676492630527106,0.8135593220338984,-17.5
fused_mean,300,0.7135567010309278,4.316762428178867,0.8050847457627118,-20.0
fused_mean,300,0.7236082474226804,4.316762428178867,0.7937853107344632,-20.0
fused_mean,300,0.7336597938144329,3.0577067199600307,0.7768361581920904,-20.0
fused_mean,300,0.7437113402061855,2.697976517611792,0.7598870056497176,-20.0
fused_mean,300,0.7537628865979381,2.697976517611792,0.7542372881355932,-20.0
fused_mean,300,0.7638144329896907,2.338246315263553,0.7429378531073446,-25.0
fused_mean,300,0.7738659793814432,1.978516112915314,0.7288135593220338,-25.0
fused_mean,300,0.7839175257731958,1.978516112915314,0.711864406779661,-27.5
fused_mean,300,0.7939690721649484,1.978516112915314,0.6977401129943502,-30.0
fused_mean,300,0.8040206185567009,1.7986510117411945,0.6892655367231638,-30.0
fused_mean,300,0.8140721649484536,1.618785910567075,0.6751412429378532,-30.0
fused_mean,300,0.8241237113402061,1.2590557082188363,0.6610169491525424,-35.0
fused_mean,300,0.8341752577319587,0.8993255058705972,0.6497175141242938,-35.0
fused_mean,300,0.8442268041237113,0.8993255058705972,0.6497175141242938,-37.5
fused_mean,300,0.8542783505154639,0.8993255058705972,0.6468926553672316,-45.0
fused_mean,300,0.8643298969072164,0.7194604046964778,0.6412429378531074,-45.0
fused_mean,300,0.874381443298969,0.5395953035223584,0.6299435028248588,-45.0
fused_mean,300,0.8844329896907216,0.5395953035223584,0.6214689265536724,-52.5
fused_mean,300,0.8944845360824741,0.5395953035223584,0.5988700564971752,-55.0
fused_mean,300,0.9045360824742268,0.3597302023482389,0.5734463276836158,-55.0
fused_mean,300,0.9145876288659793,0.3597302023482389,0.5649717514124294,-60.0
fused_mean,300,0.9246391752577319,0.3597302023482389,0.536723163841808,-60.0
fused_mean,300,0.9346907216494844,0.3597302023482389,0.5112994350282486,-60.0
fused_mean,300,0.9447422680412371,0.17986510117411944,0.4915254237288136,-65.0
fused_mean,300,0.9547938144329896,0.17986510117411944,0.4548022598870056,-75.0
fused_mean,300,0.9648453608247421,0.17986510117411944,0.3644067796610169,-85.0
fused_mean,300,0.9748969072164948,0.17986510117411944,0.09887005649717515,-80.0
fused_mean,300,0.9849484536082473,0.0,0.0,
fused_mean,300,0.995,0.0,0.0,
fused_mean,600,0.02,60.254808893330015,1.0,295.0
fused_mean,600,0.030051546391752577,60.254808893330015,1.0,295.0
fused_mean,600,0.040103092783505156,60.254808893330015,1.0,295.0
fused_mean,600,0.050154639175257726,60.254808893330015,1.0,295.0
fused_mean,600,0.06020618556701031,60.254808893330015,1.0,295.0
fused_mean,600,0.07025773195876288,60.254808893330015,1.0,295.0
fused_mean,600,0.08030927835051546,60.254808893330015,1.0,295.0
fused_mean,600,0.09036082474226804,60.254808893330015,1.0,295.0
fused_mean,600,0.10041237113402061,60.254808893330015,1.0,295.0
fused_mean,600,0.11046391752577318,60.254808893330015,1.0,295.0
fused_mean,600,0.12051546391752577,60.254808893330015,1.0,295.0
fused_mean,600,0.13056701030927834,59.89507869098178,1.0,295.0
fused_mean,600,0.1406185567010309,59.53534848863354,1.0,295.0
fused_mean,600,0.15067010309278348,59.1756182862853,1.0,295.0
fused_mean,600,0.16072164948453607,58.995753185111184,1.0,295.0
fused_mean,600,0.17077319587628864,58.2762927804147,1.0,295.0
fused_mean,600,0.1808247422680412,57.55683237571822,1.0,295.0
fused_mean,600,0.19087628865979378,55.75818136397703,1.0,295.0
fused_mean,600,0.20092783505154635,53.95953035223584,1.0,290.0
fused_mean,600,0.21097938144329895,53.24006994753936,1.0,285.0
fused_mean,600,0.22103092783505152,49.82263302523109,1.0,280.0
fused_mean,600,0.23108247422680409,48.02398201348989,1.0,275.0
fused_mean,600,0.24113402061855668,46.04546590057458,1.0,270.0
fused_mean,600,0.25118556701030925,44.246814888833384,1.0,265.0
fused_mean,600,0.26123711340206185,42.44816387709219,1.0,260.0
fused_mean,600,0.27128865979381445,39.03072695478392,1.0,255.0
fused_mean,600,0.281340206185567,37.59180614539097,1.0,245.0
fused_mean,600,0.2913917525773196,35.97302023482389,1.0,235.0
fused_mean,600,0.3014432989690722,34.53409942543094,0.9971751412429378,235.0
fused_mean,600,0.3114948453608247,32.91531351486386,0.9971751412429378,225.0
fused_mean,600,0.3215463917525773,30.756932300774427,0.9915254237288136,215.0
fused_mean,600,0.33159793814432986,28.95828128903323,0.9887005649717514,212.5
fused_mean,600,0.34164948453608246,27.159630277292038,0.9887005649717514,205.0
fused_mean,600,0.35170103092783506,25.72070946789908,0.9887005649717514,195.0
fused_mean,600,0.3617525773195876,24.641518860854365,0.9887005649717514,190.0
fused_mean,600,0.3718041237113402,23.922058456157888,0.9887005649717514,180.0
fused_mean,600,0.38185567010309274,23.20259805146141,0.9858757062146892,180.0
fused_mean,600,0.39190721649484533,22.123407444416692,0.9830508474576272,175.0
fused_mean,600,0.40195876288659793,20.684486635023738,0.9830508474576272,170.0
fused_mean,600,0.4120103092783505,19.965026230327258,0.9774011299435028,165.0
fused_mean,600,0.42206185567010307,19.06570072445666,0.9661016949152542,160.0
fused_mean,600,0.43211340206185567,17.986510117411946,0.9661016949152542,155.0
fused_mean,600,0.4421649484536082,17.08718461154135,0.9661016949152542,150.0
fused_mean,600,0.4522164948453608,16.18785910567075,0.963276836158192,145.0
fused_mean,600,0.4622680412371134,15.648263802148392,0.9576271186440678,135.0
fused_mean,600,0.47231958762886594,14.748938296277796,0.9519774011299436,135.0
fused_mean,600,0.48237113402061854,14.569073195103675,0.9491525423728814,127.5
fused_mean,600,0.4924226804123711,13.669747689233079,0.940677966101695,115.0
fused_mean,600,0.5024742268041237,13.31001748688484,0.940677966101695,110.0
fused_mean,600,0.5125257731958762,12.590557082188361,0.9378531073446328,107.5
fused_mean,600,0.5225773195876289,12.410691981014242,0.9378531073446328,100.0
fused_mean,600,0.5326288659793814,11.871096677491884,0.9293785310734464,100.0
fused_mean,600,0.542680412371134,11.151636272795406,0.9293785310734464,95.0
fused_mean,600,0.5527319587628866,10.25231076692481,0.923728813559322,95.0
fused_mean,600,0.5627835051546392,10.07244566575069,0.9152542372881356,95.0
fused_mean,600,0.5728350515463917,9.71271546340245,0.9152542372881356,85.0
fused_mean,600,0.5828865979381443,8.813389957531854,0.9096045197740112,85.0
fused_mean,600,0.5929381443298969,8.273794654009494,0.9011299435028248,70.0
fused_mean,600,0.6029896907216494,8.093929552835375,0.8954802259887006,60.0
fused_mean,600,0.613041237113402,7.7341993504871365,0.8954802259887006,55.0
fused_mean,600,0.6230927835051546,7.374469148138898,0.8954802259887006,50.0
fused_mean,600,0.6331443298969072,6.4751436422683,0.8926553672316384,45.0
fused_mean,600,0.6431958762886597,6.295278541094181,0.884180790960452,40.0
fused_mean,600,0.6532474226804124,6.295278541094181,0.8785310734463276,35.0
fused_mean,600,0.6632989690721649,5.935548338745942,0.867231638418079,35.0
fused_mean,600,0.6733505154639174,5.755683237571822,0.864406779661017,35.0
fused_mean,600,0.6834020618556701,5.036222832875345,0.8531073446327684,32.5
fused_mean,600,0.6934536082474226,4.856357731701225,0.844632768361582,30.0
fused_mean,600,0.7035051546391752,4.676492630527106,0.8389830508474576,25.0
fused_mean,600,0.7135567010309278,4.316762428178867,0.8305084745762712,25.0
fused_mean,600,0.7236082474226804,4.316762428178867,0.8192090395480226,20.0
fused_mean,600,0.7336597938144329,3.0577067199600307,0.8050847457627118,20.0
fused_mean,600,0.7437113402061855,2.697976517611792,0.7994350282485876,15.0
fused_mean,600,0.7537628865979381,2.697976517611792,0.788135593220339,10.0
fused_mean,600,0.7638144329896907,2.338246315263553,0.7824858757062146,5.0
fused_mean,600,0.7738659793814432,1.978516112915314,0.7711864406779662,5.0
fused_mean,600,0.7839175257731958,1.978516112915314,0.7627118644067796,-2.5
fused_mean,600,0.7939690721649484,1.978516112915314,0.7372881355932204,-5.0
fused_mean,600,0.8040206185567009,1.7986510117411945,0.7344632768361582,-10.0
fused_mean,600,0.8140721649484536,1.618785910567075,0.7288135593220338,-10.0
fused_mean,600,0.8241237113402061,1.2590557082188363,0.7231638418079096,-15.0
fused_mean,600,0.8341752577319587,0.8993255058705972,0.7175141242937854,-15.0
fused_mean,600,0.8442268041237113,0.8993255058705972,0.7062146892655368,-22.5
fused_mean,600,0.8542783505154639,0.8993255058705972,0.6892655367231638,-30.0
fused_mean,600,0.8643298969072164,0.7194604046964778,0.6807909604519774,-30.0
fused_mean,600,0.874381443298969,0.5395953035223584,0.6638418079096046,-30.0
fused_mean,600,0.8844329896907216,0.5395953035223584,0.6440677966101694,-30.0
fused_mean,600,0.8944845360824741,0.5395953035223584,0.6271186440677966,-37.5
fused_mean,600,0.9045360824742268,0.3597302023482389,0.6016949152542372,-40.0
fused_mean,600,0.9145876288659793,0.3597302023482389,0.576271186440678,-30.0
fused_mean,600,0.9246391752577319,0.3597302023482389,0.5649717514124294,-50.0
fused_mean,600,0.9346907216494844,0.3597302023482389,0.5480225988700564,-60.0
fused_mean,600,0.9447422680412371,0.17986510117411944,0.5112994350282486,-65.0
fused_mean,600,0.9547938144329896,0.17986510117411944,0.4774011299435028,-65.0
fused_mean,600,0.9648453608247421,0.17986510117411944,0.3870056497175141,-95.0
fused_mean,600,0.9748969072164948,0.17986510117411944,0.11016949152542373,-140.0
fused_mean,600,0.9849484536082473,0.0,0.0,
fused_mean,600,0.995,0.0,0.0,
fused_max,0,0.02,60.254808893330015,1.0,-5.0
fused_max,0,0.030051546391752577,60.254808893330015,1.0,-5.0
fused_max,0,0.040103092783505156,60.254808893330015,1.0,-5.0
fused_max,0,0.050154639175257726,60.254808893330015,1.0,-5.0
fused_max,0,0.06020618556701031,60.254808893330015,1.0,-5.0
fused_max,0,0.07025773195876288,60.254808893330015,1.0,-5.0
fused_max,0,0.08030927835051546,60.254808893330015,1.0,-5.0
fused_max,0,0.09036082474226804,60.254808893330015,1.0,-5.0
fused_max,0,0.10041237113402061,60.254808893330015,1.0,-5.0
fused_max,0,0.11046391752577318,60.254808893330015,1.0,-5.0
fused_max,0,0.12051546391752577,60.254808893330015,1.0,-5.0
fused_max,0,0.13056701030927834,60.254808893330015,1.0,-5.0
fused_max,0,0.1406185567010309,60.254808893330015,1.0,-5.0
fused_max,0,0.15067010309278348,60.254808893330015,1.0,-5.0
fused_max,0,0.16072164948453607,60.254808893330015,1.0,-5.0
fused_max,0,0.17077319587628864,60.254808893330015,1.0,-5.0
fused_max,0,0.1808247422680412,59.71521358980766,1.0,-5.0
fused_max,0,0.19087628865979378,59.71521358980766,1.0,-5.0
fused_max,0,0.20092783505154635,59.35548338745942,1.0,-5.0
fused_max,0,0.21097938144329895,58.995753185111184,1.0,-5.0
fused_max,0,0.22103092783505152,58.45615788158882,1.0,-5.0
fused_max,0,0.23108247422680409,58.2762927804147,1.0,-5.0
fused_max,0,0.24113402061855668,57.197102173369984,1.0,-5.0
fused_max,0,0.25118556701030925,56.29777666749939,1.0,-5.0
fused_max,0,0.26123711340206185,55.21858606045467,1.0,-5.0
fused_max,0,0.27128865979381445,54.49912565575819,1.0,-10.0
fused_max,0,0.281340206185567,53.5998001498876,1.0,-10.0
fused_max,0,0.2913917525773196,51.621284036972284,1.0,-10.0
fused_max,0,0.3014432989690722,50.90182363227581,1.0,-10.0
fused_max,0,0.3114948453608247,50.00249812640521,1.0,-10.0
fused_max,0,0.3215463917525773,48.74344241818637,1.0,-10.0
fused_max,0,0.33159793814432986,46.76492630527106,1.0,-10.0
fused_max,0,0.34164948453608246,45.146140394703984,1.0,-10.0
fused_max,0,0.35170103092783506,43.887084686485146,1.0,-15.0
fused_max,0,0.3617525773195876,42.62802897826631,1.0,-15.0
fused_max,0,0.3718041237113402,40.829377966525115,1.0,-15.0
fused_max,0,0.38185567010309274,39.39045715713216,1.0,-15.0
fused_max,0,0.39190721649484533,38.49113165126156,1.0,-15.0
fused_max,0,0.40195876288659793,36.33275043717213,1.0,-15.0
fused_max,0,0.4120103092783505,33.63477391956034,1.0,-15.0
fused_max,0,0.42206185567010307,32.3757182113415,1.0,-15.0
fused_max,0,0.43211340206185567,31.476392705470904,1.0,-15.0
fused_max,0,0.4421649484536082,30.577067199600307,1.0,-15.0
fused_max,0,0.4522164948453608,29.85760679490383,1.0,-15.0
fused_max,0,0.4622680412371134,28.598551086684992,0.9943502824858758,-15.0
fused_max,0,0.47231958762886594,27.339495378466157,0.9887005649717514,-20.0
fused_max,0,0.48237113402061854,26.44016987259556,0.9943502824858758,-20.0
fused_max,0,0.4924226804123711,25.72070946789908,0.9830508474576272,-20.0
fused_max,0,0.5024742268041237,24.821383962028484,0.9830508474576272,-15.0
fused_max,0,0.5125257731958762,23.20259805146141,0.9661016949152542,-15.0
fused_max,0,0.5225773195876289,22.48313764676493,0.96045197740113,-17.5
fused_max,0,0.5326288659793814,21.583812140894334,0.96045197740113,-20.0
fused_max,0,0.542680412371134,21.044216837371977,0.9491525423728814,-20.0
fused_max,0,0.5527319587628866,20.684486635023738,0.943502824858757,-20.0
fused_max,0,0.5627835051546392,20.14489133150138,0.9378531073446328,-20.0
fused_max,0,0.5728350515463917,19.78516112915314,0.9378531073446328,-20.0
fused_max,0,0.5828865979381443,19.24556582563078,0.9322033898305084,-20.0
fused_max,0,0.5929381443298969,18.526105420934304,0.9209039548022598,-20.0
fused_max,0,0.6029896907216494,16.907319510367227,0.9152542372881356,-20.0
fused_max,0,0.613041237113402,16.36772420684487,0.8926553672316384,-20.0
fused_max,0,0.6230927835051546,16.00799400449663,0.8870056497175142,-20.0
fused_max,0,0.6331443298969072,15.108668498626034,0.8870056497175142,-20.0
fused_max,0,0.6431958762886597,14.928803397451915,0.8757062146892656,-20.0
fused_max,0,0.6532474226804124,14.928803397451915,0.8757062146892656,-20.0
fused_max,0,0.6632989690721649,14.928803397451915,0.8757062146892656,-20.0
fused_max,0,0.6733505154639174,14.569073195103675,0.8757062146892656,-20.0
fused_max,0,0.6834020618556701,14.569073195103675,0.8757062146892656,-20.0
fused_max,0,0.6934536082474226,14.209342992755436,0.8757062146892656,-25.0
fused_max,0,0.7035051546391752,13.849612790407198,0.8757062146892656,-25.0
fused_max,0,0.7135567010309278,13.130152385710721,0.8757062146892656,-25.0
fused_max,0,0.7236082474226804,13.130152385710721,0.8700564971751412,-25.0
fused_max,0,0.7336597938144329,12.410691981014242,0.8700564971751412,-25.0
fused_max,0,0.7437113402061855,12.230826879840123,0.864406779661017,-25.0
fused_max,0,0.7537628865979381,11.871096677491884,0.864406779661017,-25.0
fused_max,0,0.7638144329896907,11.511366475143644,0.864406779661017,-25.0
fused_max,0,0.7738659793814432,11.151636272795406,0.8587570621468926,-25.0
fused_max,0,0.7839175257731958,10.971771171621286,0.8531073446327684,-25.0
fused_max,0,0.7939690721649484,10.25231076692481,0.847457627118644,-25.0
fused_max,0,0.8040206185567009,10.25231076692481,0.847457627118644,-25.0
fused_max,0,0.8140721649484536,9.53285036222833,0.8361581920903954,-25.0
fused_max,0,0.8241237113402061,9.53285036222833,0.8248587570621468,-25.0
fused_max,0,0.8341752577319587,9.173120159880092,0.8248587570621468,-25.0
fused_max,0,0.8442268041237113,8.813389957531854,0.8135593220338984,-25.0
fused_max,0,0.8542783505154639,8.273794654009494,0.807909604519774,-30.0
fused_max,0,0.8643298969072164,7.914064451661256,0.807909604519774,-30.0
fused_max,0,0.874381443298969,7.7341993504871365,0.8022598870056498,-30.0
fused_max,0,0.8844329896907216,7.554334249313017,0.8022598870056498,-30.0
fused_max,0,0.8944845360824741,7.374469148138898,0.8022598870056498,-30.0
fused_max,0,0.9045360824742268,6.834873844616539,0.7966101694915254,-30.0
fused_max,0,0.9145876288659793,6.295278541094181,0.7909604519774012,-30.0
fused_max,0,0.9246391752577319,6.1154134399200615,0.7909604519774012,-32.5
fused_max,0,0.9346907216494844,6.1154134399200615,0.751412429378531,-35.0
fused_max,0,0.9447422680412371,5.036222832875345,0.7401129943502824,-35.0
fused_max,0,0.9547938144329896,5.036222832875345,0.7288135593220338,-35.0
fused_max,0,0.9648453608247421,5.036222832875345,0.7175141242937854,-35.0
fused_max,0,0.9748969072164948,4.856357731701225,0.6949152542372882,-40.0
fused_max,0,0.9849484536082473,4.4966275293529865,0.6892655367231638,-40.0
fused_max,0,0.995,4.4966275293529865,0.6779661016949152,-40.0
fused_max,120,0.02,60.254808893330015,1.0,55.0
fused_max,120,0.030051546391752577,60.254808893330015,1.0,55.0
fused_max,120,0.040103092783505156,60.254808893330015,1.0,55.0
fused_max,120,0.050154639175257726,60.254808893330015,1.0,55.0
fused_max,120,0.06020618556701031,60.254808893330015,1.0,55.0
fused_max,120,0.07025773195876288,60.254808893330015,1.0,55.0
fused_max,120,0.08030927835051546,60.254808893330015,1.0,55.0
fused_max,120,0.09036082474226804,60.254808893330015,1.0,55.0
fused_max,120,0.10041237113402061,60.254808893330015,1.0,55.0
fused_max,120,0.11046391752577318,60.254808893330015,1.0,55.0
fused_max,120,0.12051546391752577,60.254808893330015,1.0,55.0
fused_max,120,0.13056701030927834,60.254808893330015,1.0,55.0
fused_max,120,0.1406185567010309,60.254808893330015,1.0,55.0
fused_max,120,0.15067010309278348,60.254808893330015,1.0,55.0
fused_max,120,0.16072164948453607,60.254808893330015,1.0,55.0
fused_max,120,0.17077319587628864,60.254808893330015,1.0,55.0
fused_max,120,0.1808247422680412,59.71521358980766,1.0,55.0
fused_max,120,0.19087628865979378,59.71521358980766,1.0,55.0
fused_max,120,0.20092783505154635,59.35548338745942,1.0,55.0
fused_max,120,0.21097938144329895,58.995753185111184,1.0,55.0
fused_max,120,0.22103092783505152,58.45615788158882,1.0,55.0
fused_max,120,0.23108247422680409,58.2762927804147,1.0,55.0
fused_max,120,0.24113402061855668,57.197102173369984,1.0,55.0
fused_max,120,0.25118556701030925,56.29777666749939,1.0,55.0
fused_max,120,0.26123711340206185,55.21858606045467,1.0,55.0
fused_max,120,0.27128865979381445,54.49912565575819,1.0,50.0
fused_max,120,0.281340206185567,53.5998001498876,1.0,50.0
fused_max,120,0.2913917525773196,51.621284036972284,1.0,40.0
fused_max,120,0.3014432989690722,50.90182363227581,1.0,40.0
fused_max,120,0.3114948453608247,50.00249812640521,1.0,35.0
fused_max,120,0.3215463917525773,48.74344241818637,1.0,30.0
fused_max,120,0.33159793814432986,46.76492630527106,0.9943502824858758,30.0
fused_max,120,0.34164948453608246,45.146140394703984,0.9943502824858758,30.0
fused_max,120,0.35170103092783506,43.887084686485146,0.9943502824858758,30.0
fused_max,120,0.3617525773195876,42.62802897826631,0.9943502824858758,25.0
fused_max,120,0.3718041237113402,40.829377966525115,0.9943502824858758,25.0
fused_max,120,0.38185567010309274,39.39045715713216,0.9915254237288136,20.0
fused_max,120,0.39190721649484533,38.49113165126156,0.9915254237288136,20.0
fused_max,120,0.40195876288659793,36.33275043717213,0.9858757062146892,15.0
fused_max,120,0.4120103092783505,33.63477391956034,0.9858757062146892,10.0
fused_max,120,0.42206185567010307,32.3757182113415,0.9858757062146892,10.0
fused_max,120,0.43211340206185567,31.476392705470904,0.9858757062146892,10.0
fused_max,120,0.4421649484536082,30.577067199600307,0.9858757062146892,10.0
fused_max,120,0.4522164948453608,29.85760679490383,0.9830508474576272,5.0
fused_max,120,0.4622680412371134,28.598551086684992,0.980225988700565,5.0
fused_max,120,0.47231958762886594,27.339495378466157,0.980225988700565,5.0
fused_max,120,0.48237113402061854,26.44016987259556,0.9745762711864406,5.0
fused_max,120,0.4924226804123711,25.72070946789908,0.963276836158192,5.0
fused_max,120,0.5024742268041237,24.821383962028484,0.96045197740113,0.0
fused_max,120,0.5125257731958762,23.20259805146141,0.9548022598870056,0.0
fused_max,120,0.5225773195876289,22.48313764676493,0.9519774011299436,0.0
fused_max,120,0.5326288659793814,21.583812140894334,0.9519774011299436,0.0
fused_max,120,0.542680412371134,21.044216837371977,0.9491525423728814,0.0
fused_max,120,0.5527319587628866,20.684486635023738,0.9491525423728814,0.0
fused_max,120,0.5627835051546392,20.14489133150138,0.943502824858757,-5.0
fused_max,120,0.5728350515463917,19.78516112915314,0.940677966101695,-5.0
fused_max,120,0.5828865979381443,19.24556582563078,0.9350282485875706,-5.0
fused_max,120,0.5929381443298969,18.526105420934304,0.923728813559322,-10.0
fused_max,120,0.6029896907216494,16.907319510367227,0.923728813559322,-10.0
fused_max,120,0.613041237113402,16.36772420684487,0.923728813559322,-10.0
fused_max,120,0.6230927835051546,16.00799400449663,0.923728813559322,-10.0
fused_max,120,0.6331443298969072,15.108668498626034,0.9180790960451978,-10.0
fused_max,120,0.6431958762886597,14.928803397451915,0.9180790960451978,-10.0
fused_max,120,0.6532474226804124,14.928803397451915,0.9152542372881356,-10.0
fused_max,120,0.6632989690721649,14.928803397451915,0.9124293785310734,-10.0
fused_max,120,0.6733505154639174,14.569073195103675,0.9096045197740112,-10.0
fused_max,120,0.6834020618556701,14.569073195103675,0.9096045197740112,-15.0
fused_max,120,0.6934536082474226,14.209342992755436,0.9067796610169492,-15.0
fused_max,120,0.7035051546391752,13.849612790407198,0.903954802259887,-15.0
fused_max,120,0.7135567010309278,13.130152385710721,0.9011299435028248,-15.0
fused_max,120,0.7236082474226804,13.130152385710721,0.9011299435028248,-15.0
fused_max,120,0.7336597938144329,12.410691981014242,0.9011299435028248,-20.0
fused_max,120,0.7437113402061855,12.230826879840123,0.9011299435028248,-20.0
fused_max,120,0.7537628865979381,11.871096677491884,0.9011299435028248,-20.0
fused_max,120,0.7638144329896907,11.511366475143644,0.9011299435028248,-20.0
fused_max,120,0.7738659793814432,11.151636272795406,0.8954802259887006,-20.0
fused_max,120,0.7839175257731958,10.971771171621286,0.8926553672316384,-20.0
fused_max,120,0.7939690721649484,10.25231076692481,0.884180790960452,-20.0
fused_max,120,0.8040206185567009,10.25231076692481,0.8813559322033898,-20.0
fused_max,120,0.8140721649484536,9.53285036222833,0.8728813559322034,-20.0
fused_max,120,0.8241237113402061,9.53285036222833,0.8700564971751412,-20.0
fused_max,120,0.8341752577319587,9.173120159880092,0.867231638418079,-25.0
fused_max,120,0.8442268041237113,8.813389957531854,0.8559322033898306,-20.0
fused_max,120,0.8542783505154639,8.273794654009494,0.847457627118644,-25.0
fused_max,120,0.8643298969072164,7.914064451661256,0.8418079096045198,-25.0
fused_max,120,0.874381443298969,7.7341993504871365,0.8389830508474576,-25.0
fused_max,120,0.8844329896907216,7.554334249313017,0.8361581920903954,-25.0
fused_max,120,0.8944845360824741,7.374469148138898,0.8333333333333334,-30.0
fused_max,120,0.9045360824742268,6.834873844616539,0.8305084745762712,-30.0
fused_max,120,0.9145876288659793,6.295278541094181,0.827683615819209,-30.0
fused_max,120,0.9246391752577319,6.1154134399200615,0.8220338983050848,-30.0
fused_max,120,0.9346907216494844,6.1154134399200615,0.8107344632768362,-35.0
fused_max,120,0.9447422680412371,5.036222832875345,0.7937853107344632,-40.0
fused_max,120,0.9547938144329896,5.036222832875345,0.7824858757062146,-40.0
fused_max,120,0.9648453608247421,5.036222832875345,0.7768361581920904,-40.0
fused_max,120,0.9748969072164948,4.856357731701225,0.7627118644067796,-40.0
fused_max,120,0.9849484536082473,4.4966275293529865,0.748587570621469,-40.0
fused_max,120,0.995,4.4966275293529865,0.7429378531073446,-40.0
fused_max,300,0.02,60.254808893330015,1.0,145.0
fused_max,300,0.030051546391752577,60.254808893330015,1.0,145.0
fused_max,300,0.040103092783505156,60.254808893330015,1.0,145.0
fused_max,300,0.050154639175257726,60.254808893330015,1.0,145.0
fused_max,300,0.06020618556701031,60.254808893330015,1.0,145.0
fused_max,300,0.07025773195876288,60.254808893330015,1.0,145.0
fused_max,300,0.08030927835051546,60.254808893330015,1.0,145.0
fused_max,300,0.09036082474226804,60.254808893330015,1.0,145.0
fused_max,300,0.10041237113402061,60.254808893330015,1.0,145.0
fused_max,300,0.11046391752577318,60.254808893330015,1.0,145.0
fused_max,300,0.12051546391752577,60.254808893330015,1.0,145.0
fused_max,300,0.13056701030927834,60.254808893330015,1.0,145.0
fused_max,300,0.1406185567010309,60.254808893330015,1.0,145.0
fused_max,300,0.15067010309278348,60.254808893330015,1.0,145.0
fused_max,300,0.16072164948453607,60.254808893330015,1.0,145.0
fused_max,300,0.17077319587628864,60.254808893330015,1.0,145.0
fused_max,300,0.1808247422680412,59.71521358980766,1.0,145.0
fused_max,300,0.19087628865979378,59.71521358980766,1.0,145.0
fused_max,300,0.20092783505154635,59.35548338745942,1.0,145.0
fused_max,300,0.21097938144329895,58.995753185111184,1.0,145.0
fused_max,300,0.22103092783505152,58.45615788158882,1.0,145.0
fused_max,300,0.23108247422680409,58.2762927804147,1.0,145.0
fused_max,300,0.24113402061855668,57.197102173369984,1.0,145.0
fused_max,300,0.25118556701030925,56.29777666749939,1.0,145.0
fused_max,300,0.26123711340206185,55.21858606045467,1.0,140.0
fused_max,300,0.27128865979381445,54.49912565575819,1.0,135.0
fused_max,300,0.281340206185567,53.5998001498876,1.0,135.0
fused_max,300,0.2913917525773196,51.621284036972284,1.0,132.5
fused_max,300,0.3014432989690722,50.90182363227581,1.0,130.0
fused_max,300,0.3114948453608247,50.00249812640521,1.0,125.0
fused_max,300,0.3215463917525773,48.74344241818637,1.0,120.0
fused_max,300,0.33159793814432986,46.76492630527106,0.9971751412429378,120.0
fused_max,300,0.34164948453608246,45.146140394703984,0.9971751412429378,115.0
fused_max,300,0.35170103092783506,43.887084686485146,0.9943502824858758,110.0
fused_max,300,0.3617525773195876,42.62802897826631,0.9943502824858758,110.0
fused_max,300,0.3718041237113402,40.829377966525115,0.9943502824858758,105.0
fused_max,300,0.38185567010309274,39.39045715713216,0.9915254237288136,100.0
fused_max,300,0.39190721649484533,38.49113165126156,0.9887005649717514,95.0
fused_max,300,0.40195876288659793,36.33275043717213,0.9887005649717514,92.5
fused_max,300,0.4120103092783505,33.63477391956034,0.9887005649717514,90.0
fused_max,300,0.42206185567010307,32.3757182113415,0.9887005649717514,85.0
fused_max,300,0.43211340206185567,31.476392705470904,0.9887005649717514,82.5
fused_max,300,0.4421649484536082,30.577067199600307,0.9830508474576272,80.0
fused_max,300,0.4522164948453608,29.85760679490383,0.9830508474576272,80.0
fused_max,300,0.4622680412371134,28.598551086684992,0.9830508474576272,75.0
fused_max,300,0.47231958762886594,27.339495378466157,0.980225988700565,75.0
fused_max,300,0.48237113402061854,26.44016987259556,0.9774011299435028,75.0
fused_max,300,0.4924226804123711,25.72070946789908,0.9745762711864406,70.0
fused_max,300,0.5024742268041237,24.821383962028484,0.9717514124293786,70.0
fused_max,300,0.5125257731958762,23.20259805146141,0.9717514124293786,70.0
fused_max,300,0.5225773195876289,22.48313764676493,0.9661016949152542,65.0
fused_max,300,0.5326288659793814,21.583812140894334,0.9661016949152542,60.0
fused_max,300,0.542680412371134,21.044216837371977,0.9661016949152542,60.0
fused_max,300,0.5527319587628866,20.684486635023738,0.9661016949152542,60.0
fused_max,300,0.5627835051546392,20.14489133150138,0.9576271186440678,60.0
fused_max,300,0.5728350515463917,19.78516112915314,0.9548022598870056,55.0
fused_max,300,0.5828865979381443,19.24556582563078,0.9548022598870056,55.0
fused_max,300,0.5929381443298969,18.526105420934304,0.9519774011299436,55.0
fused_max,300,0.6029896907216494,16.907319510367227,0.9519774011299436,55.0
fused_max,300,0.613041237113402,16.36772420684487,0.9491525423728814,50.0
fused_max,300,0.6230927835051546,16.00799400449663,0.9491525423728814,50.0
fused_max,300,0.6331443298969072,15.108668498626034,0.9491525423728814,45.0
fused_max,300,0.6431958762886597,14.928803397451915,0.9463276836158192,40.0
fused_max,300,0.6532474226804124,14.928803397451915,0.943502824858757,40.0
fused_max,300,0.6632989690721649,14.928803397451915,0.940677966101695,35.0
fused_max,300,0.6733505154639174,14.569073195103675,0.9322033898305084,30.0
fused_max,300,0.6834020618556701,14.569073195103675,0.9265536723163842,30.0
fused_max,300,0.6934536082474226,14.209342992755436,0.923728813559322,30.0
fused_max,300,0.7035051546391752,13.849612790407198,0.923728813559322,30.0
fused_max,300,0.7135567010309278,13.130152385710721,0.9180790960451978,25.0
fused_max,300,0.7236082474226804,13.130152385710721,0.9180790960451978,25.0
fused_max,300,0.7336597938144329,12.410691981014242,0.9152542372881356,25.0
fused_max,300,0.7437113402061855,12.230826879840123,0.9124293785310734,20.0
fused_max,300,0.7537628865979381,11.871096677491884,0.9096045197740112,20.0
fused_max,300,0.7638144329896907,11.511366475143644,0.9096045197740112,20.0
fused_max,300,0.7738659793814432,11.151636272795406,0.9096045197740112,20.0
fused_max,300,0.7839175257731958,10.971771171621286,0.9096045197740112,20.0
fused_max,300,0.7939690721649484,10.25231076692481,0.903954802259887,20.0
fused_max,300,0.8040206185567009,10.25231076692481,0.8983050847457628,15.0
fused_max,300,0.8140721649484536,9.53285036222833,0.8954802259887006,15.0
fused_max,300,0.8241237113402061,9.53285036222833,0.8954802259887006,15.0
fused_max,300,0.8341752577319587,9.173120159880092,0.8898305084745762,15.0
fused_max,300,0.8442268041237113,8.813389957531854,0.884180790960452,10.0
fused_max,300,0.8542783505154639,8.273794654009494,0.8757062146892656,10.0
fused_max,300,0.8643298969072164,7.914064451661256,0.8728813559322034,10.0
fused_max,300,0.874381443298969,7.7341993504871365,0.8700564971751412,10.0
fused_max,300,0.8844329896907216,7.554334249313017,0.8559322033898306,10.0
fused_max,300,0.8944845360824741,7.374469148138898,0.8531073446327684,5.0
fused_max,300,0.9045360824742268,6.834873844616539,0.8531073446327684,0.0
fused_max,300,0.9145876288659793,6.295278541094181,0.8418079096045198,0.0
fused_max,300,0.9246391752577319,6.1154134399200615,0.8418079096045198,-5.0
fused_max,300,0.9346907216494844,6.1154134399200615,0.8305084745762712,-7.5
fused_max,300,0.9447422680412371,5.036222832875345,0.8107344632768362,-25.0
fused_max,300,0.9547938144329896,5.036222832875345,0.807909604519774,-25.0
fused_max,300,0.9648453608247421,5.036222832875345,0.7994350282485876,-25.0
fused_max,300,0.9748969072164948,4.856357731701225,0.7937853107344632,-30.0
fused_max,300,0.9849484536082473,4.4966275293529865,0.788135593220339,-30.0
fused_max,300,0.995,4.4966275293529865,0.7768361581920904,-30.0
fused_max,600,0.02,60.254808893330015,1.0,295.0
fused_max,600,0.030051546391752577,60.254808893330015,1.0,295.0
fused_max,600,0.040103092783505156,60.254808893330015,1.0,295.0
fused_max,600,0.050154639175257726,60.254808893330015,1.0,295.0
fused_max,600,0.06020618556701031,60.254808893330015,1.0,295.0
fused_max,600,0.07025773195876288,60.254808893330015,1.0,295.0
fused_max,600,0.08030927835051546,60.254808893330015,1.0,295.0
fused_max,600,0.09036082474226804,60.254808893330015,1.0,295.0
fused_max,600,0.10041237113402061,60.254808893330015,1.0,295.0
fused_max,600,0.11046391752577318,60.254808893330015,1.0,295.0
fused_max,600,0.12051546391752577,60.254808893330015,1.0,295.0
fused_max,600,0.13056701030927834,60.254808893330015,1.0,295.0
fused_max,600,0.1406185567010309,60.254808893330015,1.0,295.0
fused_max,600,0.15067010309278348,60.254808893330015,1.0,295.0
fused_max,600,0.16072164948453607,60.254808893330015,1.0,295.0
fused_max,600,0.17077319587628864,60.254808893330015,1.0,295.0
fused_max,600,0.1808247422680412,59.71521358980766,1.0,295.0
fused_max,600,0.19087628865979378,59.71521358980766,1.0,295.0
fused_max,600,0.20092783505154635,59.35548338745942,1.0,295.0
fused_max,600,0.21097938144329895,58.995753185111184,1.0,295.0
fused_max,600,0.22103092783505152,58.45615788158882,1.0,295.0
fused_max,600,0.23108247422680409,58.2762927804147,1.0,295.0
fused_max,600,0.24113402061855668,57.197102173369984,1.0,295.0
fused_max,600,0.25118556701030925,56.29777666749939,1.0,295.0
fused_max,600,0.26123711340206185,55.21858606045467,1.0,290.0
fused_max,600,0.27128865979381445,54.49912565575819,1.0,290.0
fused_max,600,0.281340206185567,53.5998001498876,1.0,287.5
fused_max,600,0.2913917525773196,51.621284036972284,1.0,285.0
fused_max,600,0.3014432989690722,50.90182363227581,1.0,275.0
fused_max,600,0.3114948453608247,50.00249812640521,1.0,275.0
fused_max,600,0.3215463917525773,48.74344241818637,1.0,265.0
fused_max,600,0.33159793814432986,46.76492630527106,1.0,265.0
fused_max,600,0.34164948453608246,45.146140394703984,1.0,260.0
fused_max,600,0.35170103092783506,43.887084686485146,1.0,255.0
fused_max,600,0.3617525773195876,42.62802897826631,1.0,255.0
fused_max,600,0.3718041237113402,40.829377966525115,1.0,250.0
fused_max,600,0.38185567010309274,39.39045715713216,1.0,250.0
fused_max,600,0.39190721649484533,38.49113165126156,1.0,240.0
fused_max,600,0.40195876288659793,36.33275043717213,0.9971751412429378,235.0
fused_max,600,0.4120103092783505,33.63477391956034,0.9943502824858758,232.5
fused_max,600,0.42206185567010307,32.3757182113415,0.9943502824858758,227.5
fused_max,600,0.43211340206185567,31.476392705470904,0.9887005649717514,227.5
fused_max,600,0.4421649484536082,30.577067199600307,0.9887005649717514,220.0
fused_max,600,0.4522164948453608,29.85760679490383,0.9887005649717514,217.5
fused_max,600,0.4622680412371134,28.598551086684992,0.9887005649717514,205.0
fused_max,600,0.47231958762886594,27.339495378466157,0.9887005649717514,200.0
fused_max,600,0.48237113402061854,26.44016987259556,0.9830508474576272,200.0
fused_max,600,0.4924226804123711,25.72070946789908,0.980225988700565,195.0
fused_max,600,0.5024742268041237,24.821383962028484,0.980225988700565,190.0
fused_max,600,0.5125257731958762,23.20259805146141,0.980225988700565,180.0
fused_max,600,0.5225773195876289,22.48313764676493,0.980225988700565,180.0
fused_max,600,0.5326288659793814,21.583812140894334,0.980225988700565,180.0
fused_max,600,0.542680412371134,21.044216837371977,0.980225988700565,175.0
fused_max,600,0.5527319587628866,20.684486635023738,0.980225988700565,175.0
fused_max,600,0.5627835051546392,20.14489133150138,0.9774011299435028,165.0
fused_max,600,0.5728350515463917,19.78516112915314,0.9745762711864406,160.0
fused_max,600,0.5828865979381443,19.24556582563078,0.9717514124293786,160.0
fused_max,600,0.5929381443298969,18.526105420934304,0.9689265536723164,155.0
fused_max,600,0.6029896907216494,16.907319510367227,0.9661016949152542,152.5
fused_max,600,0.613041237113402,16.36772420684487,0.963276836158192,150.0
fused_max,600,0.6230927835051546,16.00799400449663,0.963276836158192,145.0
fused_max,600,0.6331443298969072,15.108668498626034,0.9576271186440678,140.0
fused_max,600,0.6431958762886597,14.928803397451915,0.9519774011299436,140.0
fused_max,600,0.6532474226804124,14.928803397451915,0.9519774011299436,135.0
fused_max,600,0.6632989690721649,14.928803397451915,0.9519774011299436,130.0
fused_max,600,0.6733505154639174,14.569073195103675,0.9519774011299436,130.0
fused_max,600,0.6834020618556701,14.569073195103675,0.9519774011299436,120.0
fused_max,600,0.6934536082474226,14.209342992755436,0.9491525423728814,120.0
fused_max,600,0.7035051546391752,13.849612790407198,0.9463276836158192,120.0
fused_max,600,0.7135567010309278,13.130152385710721,0.9463276836158192,115.0
fused_max,600,0.7236082474226804,13.130152385710721,0.943502824858757,115.0
fused_max,600,0.7336597938144329,12.410691981014242,0.9378531073446328,115.0
fused_max,600,0.7437113402061855,12.230826879840123,0.9378531073446328,110.0
fused_max,600,0.7537628865979381,11.871096677491884,0.9378531073446328,107.5
fused_max,600,0.7638144329896907,11.511366475143644,0.9378531073446328,102.5
fused_max,600,0.7738659793814432,11.151636272795406,0.9378531073446328,100.0
fused_max,600,0.7839175257731958,10.971771171621286,0.9322033898305084,100.0
fused_max,600,0.7939690721649484,10.25231076692481,0.9322033898305084,97.5
fused_max,600,0.8040206185567009,10.25231076692481,0.9265536723163842,95.0
fused_max,600,0.8140721649484536,9.53285036222833,0.9265536723163842,95.0
fused_max,600,0.8241237113402061,9.53285036222833,0.9265536723163842,90.0
fused_max,600,0.8341752577319587,9.173120159880092,0.923728813559322,90.0
fused_max,600,0.8442268041237113,8.813389957531854,0.9209039548022598,90.0
fused_max,600,0.8542783505154639,8.273794654009494,0.9209039548022598,85.0
fused_max,600,0.8643298969072164,7.914064451661256,0.9209039548022598,85.0
fused_max,600,0.874381443298969,7.7341993504871365,0.9180790960451978,85.0
fused_max,600,0.8844329896907216,7.554334249313017,0.9067796610169492,80.0
fused_max,600,0.8944845360824741,7.374469148138898,0.903954802259887,75.0
fused_max,600,0.9045360824742268,6.834873844616539,0.8983050847457628,75.0
fused_max,600,0.9145876288659793,6.295278541094181,0.8870056497175142,57.5
fused_max,600,0.9246391752577319,6.1154134399200615,0.8785310734463276,55.0
fused_max,600,0.9346907216494844,6.1154134399200615,0.8559322033898306,50.0
fused_max,600,0.9447422680412371,5.036222832875345,0.8418079096045198,35.0
fused_max,600,0.9547938144329896,5.036222832875345,0.8418079096045198,32.5
fused_max,600,0.9648453608247421,5.036222832875345,0.8333333333333334,30.0
fused_max,600,0.9748969072164948,4.856357731701225,0.827683615819209,25.0
fused_max,600,0.9849484536082473,4.4966275293529865,0.827683615819209,20.0
fused_max,600,0.995,4.4966275293529865,0.8220338983050848,20.0
fused_rf,0,0.02,60.254808893330015,1.0,-5.0
fused_rf,0,0.030051546391752577,60.254808893330015,1.0,-5.0
fused_rf,0,0.040103092783505156,60.254808893330015,1.0,-5.0
fused_rf,0,0.050154639175257726,60.254808893330015,1.0,-5.0
fused_rf,0,0.06020618556701031,60.254808893330015,1.0,-5.0
fused_rf,0,0.07025773195876288,60.254808893330015,1.0,-5.0
fused_rf,0,0.08030927835051546,60.254808893330015,1.0,-5.0
fused_rf,0,0.09036082474226804,60.254808893330015,1.0,-5.0
fused_rf,0,0.10041237113402061,60.254808893330015,1.0,-5.0
fused_rf,0,0.11046391752577318,60.254808893330015,1.0,-5.0
fused_rf,0,0.12051546391752577,60.0749437921559,1.0,-5.0
fused_rf,0,0.13056701030927834,60.0749437921559,1.0,-5.0
fused_rf,0,0.1406185567010309,60.0749437921559,1.0,-5.0
fused_rf,0,0.15067010309278348,59.89507869098178,1.0,-5.0
fused_rf,0,0.16072164948453607,59.35548338745942,1.0,-5.0
fused_rf,0,0.17077319587628864,58.81588808393706,1.0,-5.0
fused_rf,0,0.1808247422680412,58.2762927804147,1.0,-5.0
fused_rf,0,0.19087628865979378,57.01723707219587,1.0,-5.0
fused_rf,0,0.20092783505154635,56.47764176867351,1.0,-5.0
fused_rf,0,0.21097938144329895,55.75818136397703,1.0,-5.0
fused_rf,0,0.22103092783505152,54.678990756932315,1.0,-5.0
fused_rf,0,0.23108247422680409,51.98101423932052,1.0,-10.0
fused_rf,0,0.24113402061855668,50.00249812640521,1.0,-10.0
fused_rf,0,0.25118556701030925,48.74344241818637,1.0,-10.0
fused_rf,0,0.26123711340206185,46.76492630527106,0.9943502824858758,-15.0
fused_rf,0,0.27128865979381445,43.70721958531103,0.9943502824858758,-15.0
fused_rf,0,0.281340206185567,41.00924306769924,0.9943502824858758,-15.0
fused_rf,0,0.2913917525773196,39.39045715713216,0.9943502824858758,-15.0
fused_rf,0,0.3014432989690722,36.15288533599801,0.9887005649717514,-15.0
fused_rf,0,0.3114948453608247,33.2750437172121,0.9887005649717514,-15.0
fused_rf,0,0.3215463917525773,31.836122907819142,0.9830508474576272,-15.0
fused_rf,0,0.33159793814432986,29.497876592555592,0.9830508474576272,-15.0
fused_rf,0,0.34164948453608246,27.159630277292038,0.9774011299435028,-20.0
fused_rf,0,0.35170103092783506,25.72070946789908,0.9661016949152542,-20.0
fused_rf,0,0.3617525773195876,24.821383962028484,0.9661016949152542,-20.0
fused_rf,0,0.3718041237113402,23.56232825380965,0.9548022598870056,-20.0
fused_rf,0,0.38185567010309274,22.48313764676493,0.9548022598870056,-20.0
fused_rf,0,0.39190721649484533,21.583812140894334,0.9491525423728814,-20.0
fused_rf,0,0.40195876288659793,20.864351736197857,0.9322033898305084,-20.0
fused_rf,0,0.4120103092783505,19.60529602797902,0.9265536723163842,-20.0
fused_rf,0,0.42206185567010307,19.06570072445666,0.9152542372881356,-20.0
fused_rf,0,0.43211340206185567,17.626779915063707,0.8926553672316384,-20.0
fused_rf,0,0.4421649484536082,16.54758930801899,0.8926553672316384,-20.0
fused_rf,0,0.4522164948453608,14.748938296277796,0.8813559322033898,-20.0
fused_rf,0,0.4622680412371134,14.029477891581317,0.864406779661017,-20.0
fused_rf,0,0.47231958762886594,13.31001748688484,0.864406779661017,-20.0
fused_rf,0,0.48237113402061854,12.77042218336248,0.8531073446327684,-20.0
fused_rf,0,0.4924226804123711,12.230826879840123,0.847457627118644,-20.0
fused_rf,0,0.5024742268041237,11.331501373969525,0.8361581920903954,-20.0
fused_rf,0,0.5125257731958762,10.432175868098929,0.8305084745762712,-20.0
fused_rf,0,0.5225773195876289,9.89258056457657,0.8192090395480226,-20.0
fused_rf,0,0.5326288659793814,8.813389957531854,0.8192090395480226,-20.0
fused_rf,0,0.542680412371134,8.093929552835375,0.8192090395480226,-20.0
fused_rf,0,0.5527319587628866,7.914064451661256,0.8135593220338984,-22.5
fused_rf,0,0.5627835051546392,7.554334249313017,0.8135593220338984,-22.5
fused_rf,0,0.5728350515463917,7.014738945790659,0.8022598870056498,-25.0
fused_rf,0,0.5828865979381443,7.014738945790659,0.7966101694915254,-25.0
fused_rf,0,0.5929381443298969,6.295278541094181,0.7909604519774012,-25.0
fused_rf,0,0.6029896907216494,5.575818136397703,0.7740112994350282,-25.0
fused_rf,0,0.613041237113402,5.395953035223584,0.768361581920904,-25.0
fused_rf,0,0.6230927835051546,5.395953035223584,0.7627118644067796,-25.0
fused_rf,0,0.6331443298969072,5.036222832875345,0.7344632768361582,-25.0
fused_rf,0,0.6431958762886597,4.136897327004747,0.7175141242937854,-25.0
fused_rf,0,0.6532474226804124,3.957032225830628,0.711864406779661,-25.0
fused_rf,0,0.6632989690721649,3.957032225830628,0.6892655367231638,-25.0
fused_rf,0,0.6733505154639174,3.7771671246565086,0.6836158192090396,-25.0
fused_rf,0,0.6834020618556701,3.7771671246565086,0.6836158192090396,-25.0
fused_rf,0,0.6934536082474226,3.7771671246565086,0.6836158192090396,-25.0
fused_rf,0,0.7035051546391752,3.597302023482389,0.672316384180791,-25.0
fused_rf,0,0.7135567010309278,3.597302023482389,0.6666666666666666,-25.0
fused_rf,0,0.7236082474226804,3.23757182113415,0.6666666666666666,-25.0
fused_rf,0,0.7336597938144329,2.697976517611792,0.6610169491525424,-30.0
fused_rf,0,0.7437113402061855,2.338246315263553,0.655367231638418,-30.0
fused_rf,0,0.7537628865979381,2.1583812140894336,0.6440677966101694,-30.0
fused_rf,0,0.7638144329896907,2.1583812140894336,0.6384180790960452,-30.0
fused_rf,0,0.7738659793814432,2.1583812140894336,0.6271186440677966,-30.0
fused_rf,0,0.7839175257731958,1.7986510117411945,0.6214689265536724,-30.0
fused_rf,0,0.7939690721649484,1.618785910567075,0.6214689265536724,-30.0
fused_rf,0,0.8040206185567009,1.4389208093929555,0.615819209039548,-30.0
fused_rf,0,0.8140721649484536,1.4389208093929555,0.6101694915254238,-30.0
fused_rf,0,0.8241237113402061,1.0791906070447168,0.6045197740112994,-30.0
fused_rf,0,0.8341752577319587,1.0791906070447168,0.5875706214689266,-30.0
fused_rf,0,0.8442268041237113,1.0791906070447168,0.5819209039548022,-30.0
fused_rf,0,0.8542783505154639,1.0791906070447168,0.5706214689265536,-35.0
fused_rf,0,0.8643298969072164,0.8993255058705972,0.5649717514124294,-35.0
fused_rf,0,0.874381443298969,0.8993255058705972,0.5536723163841808,-35.0
fused_rf,0,0.8844329896907216,0.5395953035223584,0.5480225988700564,-35.0
fused_rf,0,0.8944845360824741,0.5395953035223584,0.5423728813559322,-35.0
fused_rf,0,0.9045360824742268,0.5395953035223584,0.519774011299435,-40.0
fused_rf,0,0.9145876288659793,0.17986510117411944,0.4971751412429379,-40.0
fused_rf,0,0.9246391752577319,0.17986510117411944,0.4632768361581921,-40.0
fused_rf,0,0.9346907216494844,0.17986510117411944,0.4350282485875706,-45.0
fused_rf,0,0.9447422680412371,0.17986510117411944,0.3785310734463277,-50.0
fused_rf,0,0.9547938144329896,0.17986510117411944,0.2542372881355932,-55.0
fused_rf,0,0.9648453608247421,0.0,0.0903954802259887,-47.5
fused_rf,0,0.9748969072164948,0.0,0.0,
fused_rf,0,0.9849484536082473,0.0,0.0,
fused_rf,0,0.995,0.0,0.0,
fused_rf,120,0.02,60.254808893330015,1.0,55.0
fused_rf,120,0.030051546391752577,60.254808893330015,1.0,55.0
fused_rf,120,0.040103092783505156,60.254808893330015,1.0,55.0
fused_rf,120,0.050154639175257726,60.254808893330015,1.0,55.0
fused_rf,120,0.06020618556701031,60.254808893330015,1.0,55.0
fused_rf,120,0.07025773195876288,60.254808893330015,1.0,55.0
fused_rf,120,0.08030927835051546,60.254808893330015,1.0,55.0
fused_rf,120,0.09036082474226804,60.254808893330015,1.0,55.0
fused_rf,120,0.10041237113402061,60.254808893330015,1.0,55.0
fused_rf,120,0.11046391752577318,60.254808893330015,1.0,55.0
fused_rf,120,0.12051546391752577,60.0749437921559,1.0,55.0
fused_rf,120,0.13056701030927834,60.0749437921559,1.0,55.0
fused_rf,120,0.1406185567010309,60.0749437921559,1.0,55.0
fused_rf,120,0.15067010309278348,59.89507869098178,1.0,55.0
fused_rf,120,0.16072164948453607,59.35548338745942,1.0,55.0
fused_rf,120,0.17077319587628864,58.81588808393706,1.0,55.0
fused_rf,120,0.1808247422680412,58.2762927804147,1.0,55.0
fused_rf,120,0.19087628865979378,57.01723707219587,1.0,55.0
fused_rf,120,0.20092783505154635,56.47764176867351,1.0,55.0
fused_rf,120,0.21097938144329895,55.75818136397703,1.0,50.0
fused_rf,120,0.22103092783505152,54.678990756932315,1.0,40.0
fused_rf,120,0.23108247422680409,51.98101423932052,1.0,40.0
fused_rf,120,0.24113402061855668,50.00249812640521,1.0,35.0
fused_rf,120,0.25118556701030925,48.74344241818637,0.9971751412429378,30.0
fused_rf,120,0.26123711340206185,46.76492630527106,0.9971751412429378,25.0
fused_rf,120,0.27128865979381445,43.70721958531103,0.9971751412429378,20.0
fused_rf,120,0.281340206185567,41.00924306769924,0.9943502824858758,15.0
fused_rf,120,0.2913917525773196,39.39045715713216,0.9858757062146892,15.0
fused_rf,120,0.3014432989690722,36.15288533599801,0.9858757062146892,15.0
fused_rf,120,0.3114948453608247,33.2750437172121,0.9830508474576272,10.0
fused_rf,120,0.3215463917525773,31.836122907819142,0.9774011299435028,10.0
fused_rf,120,0.33159793814432986,29.497876592555592,0.9774011299435028,5.0
fused_rf,120,0.34164948453608246,27.159630277292038,0.9774011299435028,0.0
fused_rf,120,0.35170103092783506,25.72070946789908,0.9774011299435028,0.0
fused_rf,120,0.3617525773195876,24.821383962028484,0.9745762711864406,-5.0
fused_rf,120,0.3718041237113402,23.56232825380965,0.9745762711864406,-5.0
fused_rf,120,0.38185567010309274,22.48313764676493,0.963276836158192,-10.0
fused_rf,120,0.39190721649484533,21.583812140894334,0.9548022598870056,-10.0
fused_rf,120,0.40195876288659793,20.864351736197857,0.9519774011299436,-10.0
fused_rf,120,0.4120103092783505,19.60529602797902,0.940677966101695,-10.0
fused_rf,120,0.42206185567010307,19.06570072445666,0.9350282485875706,-10.0
fused_rf,120,0.43211340206185567,17.626779915063707,0.9322033898305084,-10.0
fused_rf,120,0.4421649484536082,16.54758930801899,0.9265536723163842,-15.0
fused_rf,120,0.4522164948453608,14.748938296277796,0.9180790960451978,-15.0
fused_rf,120,0.4622680412371134,14.029477891581317,0.9152542372881356,-15.0
fused_rf,120,0.47231958762886594,13.31001748688484,0.9067796610169492,-20.0
fused_rf,120,0.48237113402061854,12.77042218336248,0.8983050847457628,-20.0
fused_rf,120,0.4924226804123711,12.230826879840123,0.8898305084745762,-20.0
fused_rf,120,0.5024742268041237,11.331501373969525,0.8870056497175142,-20.0
fused_rf,120,0.5125257731958762,10.432175868098929,0.8813559322033898,-20.0
fused_rf,120,0.5225773195876289,9.89258056457657,0.8785310734463276,-25.0
fused_rf,120,0.5326288659793814,8.813389957531854,0.8615819209039548,-25.0
fused_rf,120,0.542680412371134,8.093929552835375,0.8615819209039548,-25.0
fused_rf,120,0.5527319587628866,7.914064451661256,0.8615819209039548,-25.0
fused_rf,120,0.5627835051546392,7.554334249313017,0.8559322033898306,-25.0
fused_rf,120,0.5728350515463917,7.014738945790659,0.8531073446327684,-25.0
fused_rf,120,0.5828865979381443,7.014738945790659,0.844632768361582,-25.0
fused_rf,120,0.5929381443298969,6.295278541094181,0.8389830508474576,-25.0
fused_rf,120,0.6029896907216494,5.575818136397703,0.8305084745762712,-25.0
fused_rf,120,0.613041237113402,5.395953035223584,0.8220338983050848,-25.0
fused_rf,120,0.6230927835051546,5.395953035223584,0.8163841807909604,-25.0
fused_rf,120,0.6331443298969072,5.036222832875345,0.8135593220338984,-25.0
fused_rf,120,0.6431958762886597,4.136897327004747,0.7994350282485876,-25.0
fused_rf,120,0.6532474226804124,3.957032225830628,0.788135593220339,-25.0
fused_rf,120,0.6632989690721649,3.957032225830628,0.7740112994350282,-27.5
fused_rf,120,0.6733505154639174,3.7771671246565086,0.7627118644067796,-30.0
fused_rf,120,0.6834020618556701,3.7771671246565086,0.7429378531073446,-30.0
fused_rf,120,0.6934536082474226,3.7771671246565086,0.7231638418079096,-30.0
fused_rf,120,0.7035051546391752,3.597302023482389,0.711864406779661,-30.0
fused_rf,120,0.7135567010309278,3.597302023482389,0.7005649717514124,-30.0
fused_rf,120,0.7236082474226804,3.23757182113415,0.6949152542372882,-30.0
fused_rf,120,0.7336597938144329,2.697976517611792,0.6892655367231638,-30.0
fused_rf,120,0.7437113402061855,2.338246315263553,0.6779661016949152,-30.0
fused_rf,120,0.7537628865979381,2.1583812140894336,0.672316384180791,-30.0
fused_rf,120,0.7638144329896907,2.1583812140894336,0.6694915254237288,-30.0
fused_rf,120,0.7738659793814432,2.1583812140894336,0.6581920903954802,-30.0
fused_rf,120,0.7839175257731958,1.7986510117411945,0.655367231638418,-30.0
fused_rf,120,0.7939690721649484,1.618785910567075,0.6468926553672316,-35.0
fused_rf,120,0.8040206185567009,1.4389208093929555,0.6384180790960452,-35.0
fused_rf,120,0.8140721649484536,1.4389208093929555,0.635593220338983,-35.0
fused_rf,120,0.8241237113402061,1.0791906070447168,0.6271186440677966,-35.0
fused_rf,120,0.8341752577319587,1.0791906070447168,0.615819209039548,-35.0
fused_rf,120,0.8442268041237113,1.0791906070447168,0.6129943502824858,-40.0
fused_rf,120,0.8542783505154639,1.0791906070447168,0.6073446327683616,-40.0
fused_rf,120,0.8643298969072164,0.8993255058705972,0.5932203389830508,-40.0
fused_rf,120,0.874381443298969,0.8993255058705972,0.5847457627118644,-40.0
fused_rf,120,0.8844329896907216,0.5395953035223584,0.5706214689265536,-45.0
fused_rf,120,0.8944845360824741,0.5395953035223584,0.559322033898305,-45.0
fused_rf,120,0.9045360824742268,0.5395953035223584,0.5423728813559322,-45.0
fused_rf,120,0.9145876288659793,0.17986510117411944,0.519774011299435,-45.0
fused_rf,120,0.9246391752577319,0.17986510117411944,0.480225988700565,-47.5
fused_rf,120,0.9346907216494844,0.17986510117411944,0.4548022598870056,-50.0
fused_rf,120,0.9447422680412371,0.17986510117411944,0.4011299435028249,-60.0
fused_rf,120,0.9547938144329896,0.17986510117411944,0.2994350282485876,-65.0
fused_rf,120,0.9648453608247421,0.0,0.08757062146892655,-75.0
fused_rf,120,0.9748969072164948,0.0,0.0,
fused_rf,120,0.9849484536082473,0.0,0.0,
fused_rf,120,0.995,0.0,0.0,
fused_rf,300,0.02,60.254808893330015,1.0,145.0
fused_rf,300,0.030051546391752577,60.254808893330015,1.0,145.0
fused_rf,300,0.040103092783505156,60.254808893330015,1.0,145.0
fused_rf,300,0.050154639175257726,60.254808893330015,1.0,145.0
fused_rf,300,0.06020618556701031,60.254808893330015,1.0,145.0
fused_rf,300,0.07025773195876288,60.254808893330015,1.0,145.0
fused_rf,300,0.08030927835051546,60.254808893330015,1.0,145.0
fused_rf,300,0.09036082474226804,60.254808893330015,1.0,145.0
fused_rf,300,0.10041237113402061,60.254808893330015,1.0,145.0
fused_rf,300,0.11046391752577318,60.254808893330015,1.0,145.0
fused_rf,300,0.12051546391752577,60.0749437921559,1.0,145.0
fused_rf,300,0.13056701030927834,60.0749437921559,1.0,145.0
fused_rf,300,0.1406185567010309,60.0749437921559,1.0,145.0
fused_rf,300,0.15067010309278348,59.89507869098178,1.0,145.0
fused_rf,300,0.16072164948453607,59.35548338745942,1.0,145.0
fused_rf,300,0.17077319587628864,58.81588808393706,1.0,145.0
fused_rf,300,0.1808247422680412,58.2762927804147,1.0,145.0
fused_rf,300,0.19087628865979378,57.01723707219587,1.0,145.0
fused_rf,300,0.20092783505154635,56.47764176867351,1.0,145.0
fused_rf,300,0.21097938144329895,55.75818136397703,1.0,140.0
fused_rf,300,0.22103092783505152,54.678990756932315,1.0,135.0
fused_rf,300,0.23108247422680409,51.98101423932052,1.0,130.0
fused_rf,300,0.24113402061855668,50.00249812640521,1.0,125.0
fused_rf,300,0.25118556701030925,48.74344241818637,1.0,115.0
fused_rf,300,0.26123711340206185,46.76492630527106,1.0,115.0
fused_rf,300,0.27128865979381445,43.70721958531103,0.9943502824858758,110.0
fused_rf,300,0.281340206185567,41.00924306769924,0.9943502824858758,105.0
fused_rf,300,0.2913917525773196,39.39045715713216,0.9915254237288136,95.0
fused_rf,300,0.3014432989690722,36.15288533599801,0.9858757062146892,90.0
fused_rf,300,0.3114948453608247,33.2750437172121,0.9830508474576272,87.5
fused_rf,300,0.3215463917525773,31.836122907819142,0.9830508474576272,77.5
fused_rf,300,0.33159793814432986,29.497876592555592,0.980225988700565,75.0
fused_rf,300,0.34164948453608246,27.159630277292038,0.9774011299435028,70.0
fused_rf,300,0.35170103092783506,25.72070946789908,0.9774011299435028,70.0
fused_rf,300,0.3617525773195876,24.821383962028484,0.9774011299435028,65.0
fused_rf,300,0.3718041237113402,23.56232825380965,0.9745762711864406,60.0
fused_rf,300,0.38185567010309274,22.48313764676493,0.9745762711864406,55.0
fused_rf,300,0.39190721649484533,21.583812140894334,0.9689265536723164,55.0
fused_rf,300,0.40195876288659793,20.864351736197857,0.9661016949152542,50.0
fused_rf,300,0.4120103092783505,19.60529602797902,0.963276836158192,50.0
fused_rf,300,0.42206185567010307,19.06570072445666,0.96045197740113,40.0
fused_rf,300,0.43211340206185567,17.626779915063707,0.9519774011299436,30.0
fused_rf,300,0.4421649484536082,16.54758930801899,0.9491525423728814,30.0
fused_rf,300,0.4522164948453608,14.748938296277796,0.9463276836158192,30.0
fused_rf,300,0.4622680412371134,14.029477891581317,0.9463276836158192,30.0
fused_rf,300,0.47231958762886594,13.31001748688484,0.943502824858757,25.0
fused_rf,300,0.48237113402061854,12.77042218336248,0.9378531073446328,22.5
fused_rf,300,0.4924226804123711,12.230826879840123,0.9293785310734464,20.0
fused_rf,300,0.5024742268041237,11.331501373969525,0.9209039548022598,15.0
fused_rf,300,0.5125257731958762,10.432175868098929,0.9152542372881356,15.0
fused_rf,300,0.5225773195876289,9.89258056457657,0.9124293785310734,15.0
fused_rf,300,0.5326288659793814,8.813389957531854,0.9124293785310734,10.0
fused_rf,300,0.542680412371134,8.093929552835375,0.903954802259887,10.0
fused_rf,300,0.5527319587628866,7.914064451661256,0.8926553672316384,10.0
fused_rf,300,0.5627835051546392,7.554334249313017,0.8898305084745762,10.0
fused_rf,300,0.5728350515463917,7.014738945790659,0.8813559322033898,10.0
fused_rf,300,0.5828865979381443,7.014738945790659,0.864406779661017,10.0
fused_rf,300,0.5929381443298969,6.295278541094181,0.8587570621468926,2.5
fused_rf,300,0.6029896907216494,5.575818136397703,0.8531073446327684,2.5
fused_rf,300,0.613041237113402,5.395953035223584,0.8531073446327684,0.0
fused_rf,300,0.6230927835051546,5.395953035223584,0.8418079096045198,2.5
fused_rf,300,0.6331443298969072,5.036222832875345,0.8361581920903954,0.0
fused_rf,300,0.6431958762886597,4.136897327004747,0.8333333333333334,0.0
fused_rf,300,0.6532474226804124,3.957032225830628,0.8248587570621468,0.0
fused_rf,300,0.6632989690721649,3.957032225830628,0.8192090395480226,-5.0
fused_rf,300,0.6733505154639174,3.7771671246565086,0.807909604519774,-5.0
fused_rf,300,0.6834020618556701,3.7771671246565086,0.8022598870056498,-5.0
fused_rf,300,0.6934536082474226,3.7771671246565086,0.7909604519774012,-5.0
fused_rf,300,0.7035051546391752,3.597302023482389,0.7824858757062146,-5.0
fused_rf,300,0.7135567010309278,3.597302023482389,0.768361581920904,-10.0
fused_rf,300,0.7236082474226804,3.23757182113415,0.7542372881355932,-15.0
fused_rf,300,0.7336597938144329,2.697976517611792,0.748587570621469,-15.0
fused_rf,300,0.7437113402061855,2.338246315263553,0.7344632768361582,-15.0
fused_rf,300,0.7537628865979381,2.1583812140894336,0.7288135593220338,-15.0
fused_rf,300,0.7638144329896907,2.1583812140894336,0.7231638418079096,-15.0
fused_rf,300,0.7738659793814432,2.1583812140894336,0.7175141242937854,-15.0
fused_rf,300,0.7839175257731958,1.7986510117411945,0.7146892655367232,-15.0
fused_rf,300,0.7939690721649484,1.618785910567075,0.7146892655367232,-20.0
fused_rf,300,0.8040206185567009,1.4389208093929555,0.7005649717514124,-20.0
fused_rf,300,0.8140721649484536,1.4389208093929555,0.7005649717514124,-25.0
fused_rf,300,0.8241237113402061,1.0791906070447168,0.692090395480226,-25.0
fused_rf,300,0.8341752577319587,1.0791906070447168,0.6751412429378532,-25.0
fused_rf,300,0.8442268041237113,1.0791906070447168,0.652542372881356,-25.0
fused_rf,300,0.8542783505154639,1.0791906070447168,0.6440677966101694,-30.0
fused_rf,300,0.8643298969072164,0.8993255058705972,0.6412429378531074,-35.0
fused_rf,300,0.874381443298969,0.8993255058705972,0.632768361581921,-45.0
fused_rf,300,0.8844329896907216,0.5395953035223584,0.6242937853107344,-45.0
fused_rf,300,0.8944845360824741,0.5395953035223584,0.6016949152542372,-50.0
fused_rf,300,0.9045360824742268,0.5395953035223584,0.5819209039548022,-50.0
fused_rf,300,0.9145876288659793,0.17986510117411944,0.5508474576271186,-50.0
fused_rf,300,0.9246391752577319,0.17986510117411944,0.5169491525423728,-55.0
fused_rf,300,0.9346907216494844,0.17986510117411944,0.4943502824858757,-60.0
fused_rf,300,0.9447422680412371,0.17986510117411944,0.4604519774011299,-75.0
fused_rf,300,0.9547938144329896,0.17986510117411944,0.3813559322033898,-95.0
fused_rf,300,0.9648453608247421,0.0,0.1016949152542373,-95.0
fused_rf,300,0.9748969072164948,0.0,0.0,
fused_rf,300,0.9849484536082473,0.0,0.0,
fused_rf,300,0.995,0.0,0.0,
fused_rf,600,0.02,60.254808893330015,1.0,295.0
fused_rf,600,0.030051546391752577,60.254808893330015,1.0,295.0
fused_rf,600,0.040103092783505156,60.254808893330015,1.0,295.0
fused_rf,600,0.050154639175257726,60.254808893330015,1.0,295.0
fused_rf,600,0.06020618556701031,60.254808893330015,1.0,295.0
fused_rf,600,0.07025773195876288,60.254808893330015,1.0,295.0
fused_rf,600,0.08030927835051546,60.254808893330015,1.0,295.0
fused_rf,600,0.09036082474226804,60.254808893330015,1.0,295.0
fused_rf,600,0.10041237113402061,60.254808893330015,1.0,295.0
fused_rf,600,0.11046391752577318,60.254808893330015,1.0,295.0
fused_rf,600,0.12051546391752577,60.0749437921559,1.0,295.0
fused_rf,600,0.13056701030927834,60.0749437921559,1.0,295.0
fused_rf,600,0.1406185567010309,60.0749437921559,1.0,295.0
fused_rf,600,0.15067010309278348,59.89507869098178,1.0,295.0
fused_rf,600,0.16072164948453607,59.35548338745942,1.0,295.0
fused_rf,600,0.17077319587628864,58.81588808393706,1.0,295.0
fused_rf,600,0.1808247422680412,58.2762927804147,1.0,295.0
fused_rf,600,0.19087628865979378,57.01723707219587,1.0,295.0
fused_rf,600,0.20092783505154635,56.47764176867351,1.0,290.0
fused_rf,600,0.21097938144329895,55.75818136397703,1.0,290.0
fused_rf,600,0.22103092783505152,54.678990756932315,1.0,285.0
fused_rf,600,0.23108247422680409,51.98101423932052,1.0,280.0
fused_rf,600,0.24113402061855668,50.00249812640521,1.0,275.0
fused_rf,600,0.25118556701030925,48.74344241818637,1.0,270.0
fused_rf,600,0.26123711340206185,46.76492630527106,1.0,265.0
fused_rf,600,0.27128865979381445,43.70721958531103,0.9971751412429378,260.0
fused_rf,600,0.281340206185567,41.00924306769924,0.9943502824858758,250.0
fused_rf,600,0.2913917525773196,39.39045715713216,0.9943502824858758,245.0
fused_rf,600,0.3014432989690722,36.15288533599801,0.9915254237288136,240.0
fused_rf,600,0.3114948453608247,33.2750437172121,0.9887005649717514,230.0
fused_rf,600,0.3215463917525773,31.836122907819142,0.9887005649717514,220.0
fused_rf,600,0.33159793814432986,29.497876592555592,0.9887005649717514,215.0
fused_rf,600,0.34164948453608246,27.159630277292038,0.9858757062146892,210.0
fused_rf,600,0.35170103092783506,25.72070946789908,0.9858757062146892,200.0
fused_rf,600,0.3617525773195876,24.821383962028484,0.9858757062146892,185.0
fused_rf,600,0.3718041237113402,23.56232825380965,0.9830508474576272,180.0
fused_rf,600,0.38185567010309274,22.48313764676493,0.980225988700565,180.0
fused_rf,600,0.39190721649484533,21.583812140894334,0.9774011299435028,177.5
fused_rf,600,0.40195876288659793,20.864351736197857,0.9774011299435028,167.5
fused_rf,600,0.4120103092783505,19.60529602797902,0.9717514124293786,160.0
fused_rf,600,0.42206185567010307,19.06570072445666,0.9689265536723164,150.0
fused_rf,600,0.43211340206185567,17.626779915063707,0.9661016949152542,147.5
fused_rf,600,0.4421649484536082,16.54758930801899,0.9661016949152542,140.0
fused_rf,600,0.4522164948453608,14.748938296277796,0.9576271186440678,140.0
fused_rf,600,0.4622680412371134,14.029477891581317,0.9491525423728814,130.0
fused_rf,600,0.47231958762886594,13.31001748688484,0.943502824858757,115.0
fused_rf,600,0.48237113402061854,12.77042218336248,0.940677966101695,115.0
fused_rf,600,0.4924226804123711,12.230826879840123,0.940677966101695,110.0
fused_rf,600,0.5024742268041237,11.331501373969525,0.9378531073446328,100.0
fused_rf,600,0.5125257731958762,10.432175868098929,0.9378531073446328,95.0
fused_rf,600,0.5225773195876289,9.89258056457657,0.9322033898305084,95.0
fused_rf,600,0.5326288659793814,8.813389957531854,0.9322033898305084,80.0
fused_rf,600,0.542680412371134,8.093929552835375,0.9265536723163842,77.5
fused_rf,600,0.5527319587628866,7.914064451661256,0.9209039548022598,72.5
fused_rf,600,0.5627835051546392,7.554334249313017,0.9180790960451978,70.0
fused_rf,600,0.5728350515463917,7.014738945790659,0.9180790960451978,70.0
fused_rf,600,0.5828865979381443,7.014738945790659,0.903954802259887,67.5
fused_rf,600,0.5929381443298969,6.295278541094181,0.8983050847457628,60.0
fused_rf,600,0.6029896907216494,5.575818136397703,0.8813559322033898,60.0
fused_rf,600,0.613041237113402,5.395953035223584,0.8757062146892656,60.0
fused_rf,600,0.6230927835051546,5.395953035223584,0.867231638418079,55.0
fused_rf,600,0.6331443298969072,5.036222832875345,0.864406779661017,55.0
fused_rf,600,0.6431958762886597,4.136897327004747,0.8615819209039548,55.0
fused_rf,600,0.6532474226804124,3.957032225830628,0.8502824858757062,50.0
fused_rf,600,0.6632989690721649,3.957032225830628,0.8418079096045198,45.0
fused_rf,600,0.6733505154639174,3.7771671246565086,0.8333333333333334,45.0
fused_rf,600,0.6834020618556701,3.7771671246565086,0.8333333333333334,35.0
fused_rf,600,0.6934536082474226,3.7771671246565086,0.827683615819209,30.0
fused_rf,600,0.7035051546391752,3.597302023482389,0.8192090395480226,30.0
fused_rf,600,0.7135567010309278,3.597302023482389,0.8107344632768362,30.0
fused_rf,600,0.7236082474226804,3.23757182113415,0.7937853107344632,30.0
fused_rf,600,0.7336597938144329,2.697976517611792,0.7768361581920904,30.0
fused_rf,600,0.7437113402061855,2.338246315263553,0.7711864406779662,25.0
fused_rf,600,0.7537628865979381,2.1583812140894336,0.768361581920904,20.0
fused_rf,600,0.7638144329896907,2.1583812140894336,0.7627118644067796,17.5
fused_rf,600,0.7738659793814432,2.1583812140894336,0.751412429378531,15.0
fused_rf,600,0.7839175257731958,1.7986510117411945,0.751412429378531,15.0
fused_rf,600,0.7939690721649484,1.618785910567075,0.7401129943502824,15.0
fused_rf,600,0.8040206185567009,1.4389208093929555,0.7288135593220338,12.5
fused_rf,600,0.8140721649484536,1.4389208093929555,0.7231638418079096,10.0
fused_rf,600,0.8241237113402061,1.0791906070447168,0.7203389830508474,5.0
fused_rf,600,0.8341752577319587,1.0791906070447168,0.7090395480225988,0.0
fused_rf,600,0.8442268041237113,1.0791906070447168,0.6949152542372882,0.0
fused_rf,600,0.8542783505154639,1.0791906070447168,0.6864406779661016,-5.0
fused_rf,600,0.8643298969072164,0.8993255058705972,0.6751412429378532,-5.0
fused_rf,600,0.874381443298969,0.8993255058705972,0.6581920903954802,-15.0
fused_rf,600,0.8844329896907216,0.5395953035223584,0.6440677966101694,-17.5
fused_rf,600,0.8944845360824741,0.5395953035223584,0.6242937853107344,-20.0
fused_rf,600,0.9045360824742268,0.5395953035223584,0.6101694915254238,-30.0
fused_rf,600,0.9145876288659793,0.17986510117411944,0.576271186440678,-35.0
fused_rf,600,0.9246391752577319,0.17986510117411944,0.556497175141243,-45.0
fused_rf,600,0.9346907216494844,0.17986510117411944,0.5112994350282486,-45.0
fused_rf,600,0.9447422680412371,0.17986510117411944,0.4689265536723164,-60.0
fused_rf,600,0.9547938144329896,0.17986510117411944,0.3615819209039548,-77.5
fused_rf,600,0.9648453608247421,0.0,0.11016949152542373,-100.0
fused_rf,600,0.9748969072164948,0.0,0.0,
fused_rf,600,0.9849484536082473,0.0,0.0,
fused_rf,600,0.995,0.0,0.0,
